IP,最小,最大,平均,丢包
104.27.4.85,146,157,150,0
198.41.221.57,146,154,150,0
104.20.81.51,147,155,151,0
104.18.11.126,148,156,151,0
104.25.102.255,147,156,151,0
104.25.205.49,146,156,151,0
104.19.203.37,147,156,151,0
198.41.198.140,147,155,152,0
104.22.50.26,149,156,152,0
104.20.60.150,147,161,152,0
104.24.60.197,146,161,152,0
104.24.240.231,149,158,152,0
172.64.39.120,146,158,152,0
104.20.168.72,150,154,152,0
104.19.57.221,147,160,152,0
104.20.162.111,148,159,152,0
104.25.153.180,147,161,152,0
104.27.56.35,147,157,153,0
162.159.7.43,150,159,153,0
104.27.33.192,148,157,153,0
104.25.98.175,149,160,153,0
172.65.182.69,150,159,153,0
104.24.46.15,146,164,153,0
172.67.17.202,143,164,153,0
104.25.65.240,149,156,153,0
104.25.81.151,149,159,153,0
104.20.110.0,146,161,153,0
104.25.47.235,148,159,153,0
104.25.20.141,148,161,153,0
104.25.190.58,148,159,153,0
104.20.37.134,147,166,153,0
172.67.4.187,147,157,153,0
104.19.110.167,141,160,153,0
104.25.189.94,149,158,153,0
104.27.102.106,147,167,154,0
104.24.71.132,149,162,154,0
104.27.0.1,150,159,154,0
104.25.170.141,146,162,154,0
104.27.27.210,149,158,154,0
104.27.10.114,148,162,154,0
104.24.65.42,148,158,154,0
104.20.66.142,147,161,154,0
104.24.14.18,148,159,154,0
104.24.94.10,148,158,154,0
104.27.87.107,149,162,154,0
104.19.40.221,145,158,154,0
104.27.62.80,149,160,154,0
104.24.15.88,153,156,154,0
104.19.198.231,150,162,154,0
104.19.101.5,150,160,154,0
104.24.68.233,149,161,155,0
104.17.166.155,153,156,155,0
104.20.229.177,149,159,155,0
172.66.47.123,154,156,155,0
172.67.252.139,147,177,155,0
172.67.46.133,148,170,155,0
104.27.17.11,148,166,155,0
172.67.83.119,145,164,155,0
104.19.35.71,150,159,155,0
104.20.248.55,153,158,155,0
104.19.195.143,142,166,155,0
104.19.59.167,150,162,155,0
104.24.130.213,150,161,155,0
104.24.20.54,152,159,155,0
104.23.118.252,154,156,155,0
104.25.110.54,150,162,155,0
104.18.191.47,152,157,155,0
104.24.159.120,154,157,155,0
104.24.224.18,150,160,155,0
173.245.49.52,147,170,155,0
104.24.194.173,154,157,155,0
104.25.45.178,153,159,155,0
104.20.174.103,153,157,155,0
104.19.13.246,150,160,155,0
104.25.135.169,150,160,155,0
104.20.152.86,154,158,155,0
104.19.96.88,149,163,155,0
104.19.100.127,151,163,155,0
104.17.82.34,154,157,155,0
104.17.130.184,152,157,155,0
104.22.46.66,153,157,155,0
104.18.94.78,153,157,155,0
162.159.243.214,150,160,155,0
104.19.197.35,150,159,155,0
104.20.185.49,148,170,155,0
162.159.142.221,147,161,155,0
104.24.90.226,154,160,155,0
104.23.103.59,154,156,156,0
104.25.28.97,153,159,156,0
104.24.137.33,154,158,156,0
104.25.184.244,154,160,156,0
104.25.130.22,147,162,156,0
104.20.252.42,153,159,156,0
104.20.135.97,144,171,156,0
104.27.104.39,148,162,156,0
104.20.176.131,149,161,156,0
172.67.107.21,144,164,156,0
104.16.50.174,152,159,156,0
104.27.49.138,154,160,156,0
104.24.189.218,149,160,156,0
162.159.242.104,152,160,156,0
104.25.223.143,154,160,156,0
104.18.6.126,150,159,156,0
172.64.145.166,155,157,156,0
104.25.77.16,153,158,156,0
108.162.192.202,154,158,156,0
104.22.20.89,155,159,156,0
104.20.38.11,155,159,156,0
104.25.87.108,150,162,156,0
104.24.241.151,154,158,156,0
172.66.43.220,155,158,156,0
104.16.233.234,154,157,156,0
104.24.158.8,153,160,156,0
104.24.131.218,154,158,156,0
104.18.39.106,155,159,156,0
104.25.9.185,154,160,156,0
104.25.224.157,154,159,156,0
104.27.64.242,155,157,156,0
104.27.70.127,155,160,156,0
162.159.60.212,153,164,156,0
104.22.3.96,154,160,156,0
198.41.192.211,154,159,156,0
104.24.231.62,154,160,156,0
104.24.73.141,155,158,156,0
104.20.95.27,155,159,156,0
141.101.113.58,155,158,156,0
104.24.254.52,147,163,156,0
104.18.18.148,156,157,156,0
104.24.66.146,154,160,157,0
104.18.178.193,151,163,157,0
104.18.228.76,155,158,157,0
104.16.10.20,155,160,157,0
162.159.240.0,154,161,157,0
104.27.24.94,151,164,157,0
104.25.37.163,154,162,157,0
104.25.245.47,154,167,157,0
104.27.53.81,154,160,157,0
104.20.126.33,154,163,157,0
104.25.57.167,155,159,157,0
104.20.68.163,155,159,157,0
104.24.77.103,155,161,157,0
104.20.184.75,151,166,157,0
104.18.196.199,153,161,157,0
104.25.92.197,155,163,157,0
104.24.11.150,150,169,157,0
108.162.195.80,154,165,157,0
162.159.25.8,155,160,157,0
104.27.57.107,155,160,157,0
104.20.1.4,154,163,157,0
104.23.101.56,154,163,157,0
162.159.41.108,156,159,157,0
104.25.36.137,153,163,157,0
104.25.147.72,152,161,157,0
104.27.103.211,155,159,157,0
104.22.56.31,155,159,157,0
104.24.164.151,153,161,157,0
104.19.235.59,153,162,157,0
104.19.105.134,150,163,157,0
104.20.215.233,156,159,157,0
104.19.66.153,154,161,157,0
104.25.185.212,153,160,157,0
104.27.78.192,154,168,157,0
104.25.211.98,155,161,158,0
104.17.29.60,154,162,158,0
104.19.73.11,155,160,158,0
104.22.37.145,155,163,158,0
104.27.98.175,152,162,158,0
104.22.16.138,153,162,158,0
104.19.61.146,152,163,158,0
104.24.95.70,148,169,158,0
104.17.89.206,151,163,158,0
104.20.139.232,150,166,158,0
104.24.22.238,155,162,158,0
104.25.115.18,153,164,158,0
162.159.11.151,156,160,158,0
104.18.91.208,154,162,158,0
104.25.18.58,155,160,158,0
104.24.42.163,149,165,158,0
104.25.86.23,154,161,158,0
104.25.60.72,149,170,158,0
104.24.157.253,154,163,158,0
104.20.200.23,154,164,158,0
104.20.146.233,155,162,158,0
104.24.151.88,154,172,158,0
104.19.145.127,154,163,158,0
104.16.117.178,156,161,158,0
162.159.48.120,151,162,158,0
162.251.82.20,155,164,158,0
104.25.10.152,150,164,158,0
104.20.85.103,154,160,158,0
104.27.18.106,154,162,158,0
104.19.117.205,154,168,158,0
104.23.114.71,151,169,158,0
104.27.93.247,156,160,158,0
104.22.4.159,153,163,158,0
172.64.149.111,156,160,158,0
104.25.142.224,154,163,158,0
162.159.5.246,153,164,158,0
104.20.144.115,157,160,158,0
104.25.123.77,156,160,158,0
104.17.26.134,155,160,158,0
104.20.210.117,154,162,158,0
162.159.33.216,157,162,158,0
104.17.232.133,154,163,158,0
104.22.49.117,153,166,158,0
104.19.88.179,156,160,158,0
104.25.236.162,155,166,158,0
104.24.10.21,155,163,158,0
104.20.214.236,156,162,158,0
104.17.71.255,156,161,158,0
104.19.76.183,157,159,158,0
104.18.10.55,156,163,158,0
172.67.30.203,147,169,158,0
172.67.18.91,155,161,158,0
104.18.171.128,156,162,158,0
104.23.117.195,154,163,158,0
104.20.69.172,155,162,158,0
104.24.24.65,149,168,158,0
104.20.154.170,153,162,158,0
104.19.67.52,153,164,158,0
104.20.196.82,156,161,158,0
104.25.121.251,155,163,158,0
172.67.183.45,151,180,158,0
104.20.212.136,156,160,158,0
104.18.249.200,157,160,158,0
104.23.110.32,153,165,158,0
172.67.117.87,156,159,158,0
104.18.12.90,157,159,158,0
104.24.58.40,157,161,158,0
104.20.235.93,157,161,158,0
104.18.41.83,154,161,158,0
104.20.140.67,157,160,158,0
172.67.102.182,157,161,158,0
104.19.8.154,154,165,158,0
104.24.2.97,145,164,159,0
104.20.82.15,155,161,159,0
104.25.128.90,156,161,159,0
104.17.80.203,153,166,159,0
104.16.87.155,157,160,159,0
104.18.165.62,156,163,159,0
104.27.67.234,150,170,159,0
104.24.150.126,157,164,159,0
104.20.158.241,157,160,159,0
104.22.31.183,157,161,159,0
104.24.49.26,153,166,159,0
104.22.12.27,152,164,159,0
104.19.187.193,155,163,159,0
104.27.76.159,154,161,159,0
172.67.56.189,154,165,159,0
104.19.53.234,155,165,159,0
172.65.162.149,157,160,159,0
104.24.228.239,157,160,159,0
104.24.201.59,154,166,159,0
162.159.129.136,156,162,159,0
104.25.44.205,157,160,159,0
104.19.44.52,155,164,159,0
104.20.6.158,149,177,159,0
104.20.33.116,156,162,159,0
104.19.16.130,155,164,159,0
162.159.20.239,157,161,159,0
104.20.234.13,153,162,159,0
104.20.2.7,157,164,159,0
104.24.184.136,151,166,159,0
172.67.84.50,155,164,159,0
104.24.252.152,157,162,159,0
104.20.8.84,155,166,159,0
104.25.61.66,158,162,159,0
104.19.4.236,155,164,159,0
162.159.9.252,155,163,159,0
104.24.163.248,155,166,159,0
173.245.59.149,157,161,159,0
104.23.123.71,149,178,159,0
162.159.46.203,157,162,159,0
104.27.45.26,155,165,159,0
104.27.125.8,156,165,159,0
104.25.2.181,150,170,159,0
198.41.203.146,147,163,159,0
141.101.123.60,154,166,159,0
104.23.124.121,146,178,159,0
104.20.253.12,158,160,159,0
104.22.54.56,155,164,159,0
104.22.66.0,154,164,159,0
104.27.96.7,158,160,159,0
104.19.113.216,155,165,159,0
104.23.106.155,158,160,159,0
104.25.222.110,155,163,159,0
104.25.6.76,157,161,159,0
104.25.181.36,157,162,159,0
104.22.51.182,153,164,159,0
66.235.200.198,158,160,159,0
104.24.63.88,157,162,159,0
104.17.25.147,157,169,159,0
104.25.16.110,155,163,159,0
104.22.26.169,155,164,159,0
104.25.50.159,149,174,159,0
104.24.245.89,155,165,159,0
104.18.7.243,158,163,159,0
104.18.21.202,153,164,159,0
104.24.160.133,156,164,159,0
198.41.217.25,155,162,159,0
104.24.138.83,155,163,159,0
104.18.203.168,154,164,159,0
104.18.44.45,154,162,159,0
104.24.74.17,158,161,159,0
104.24.7.165,157,163,159,0
104.25.243.161,158,164,159,0
104.27.92.53,157,163,159,0
104.18.177.50,155,165,159,0
104.20.170.90,156,165,159,0
104.19.86.33,155,163,159,0
104.19.54.13,157,163,159,0
172.67.124.218,151,170,159,0
104.25.67.233,156,166,159,0
104.20.93.246,158,162,159,0
104.20.237.219,158,162,159,0
172.67.53.104,155,164,159,0
104.20.118.170,155,163,159,0
104.20.202.176,155,164,160,0
104.27.40.63,152,168,160,0
172.65.221.131,155,167,160,0
104.20.128.173,158,162,160,0
104.27.77.43,155,164,160,0
104.20.254.187,158,163,160,0
104.20.79.3,157,162,160,0
104.19.111.205,152,174,160,0
104.24.129.183,152,178,160,0
104.19.180.124,154,168,160,0
104.18.1.245,156,163,160,0
172.67.126.139,149,175,160,0
172.65.250.140,157,163,160,0
104.24.195.63,154,164,160,0
104.27.81.162,155,166,160,0
104.18.77.140,155,164,160,0
104.22.57.211,149,170,160,0
172.67.142.183,147,200,160,0
104.24.69.26,155,165,160,0
104.25.126.211,154,166,160,0
104.21.9.232,154,167,160,0
104.19.20.15,154,164,160,0
104.16.210.95,155,168,160,0
104.16.230.216,155,166,160,0
104.18.31.17,158,162,160,0
104.17.42.30,154,165,160,0
104.19.28.196,157,162,160,0
104.20.105.192,159,161,160,0
104.20.249.138,158,163,160,0
104.24.41.77,154,166,160,0
104.20.15.113,155,166,160,0
104.24.53.92,158,162,160,0
104.20.205.179,155,163,160,0
104.24.89.78,157,162,160,0
104.19.112.173,154,165,160,0
104.20.193.130,151,168,160,0
104.25.141.155,154,163,160,0
104.25.27.109,155,165,160,0
104.19.55.1,156,167,160,0
104.25.197.45,156,163,160,0
198.41.200.0,150,162,160,0
104.19.65.58,155,165,160,0
104.19.116.200,157,163,160,0
104.25.164.79,155,164,160,0
104.18.10.13,157,162,160,0
104.18.16.148,158,162,160,0
104.25.156.193,158,164,160,0
104.16.134.110,158,163,160,0
104.24.51.30,156,165,160,0
104.22.18.202,158,162,160,0
104.25.213.10,157,163,160,0
104.25.46.143,158,164,160,0
104.25.163.220,157,166,160,0
104.24.4.193,154,164,160,0
104.24.72.44,157,166,160,0
162.159.45.166,157,166,160,0
104.19.30.34,158,163,160,0
172.64.32.237,156,163,160,0
104.27.69.254,154,169,160,0
172.67.114.178,155,164,160,0
104.20.219.101,150,174,160,0
104.16.142.255,157,164,160,0
104.24.67.158,151,170,160,0
104.24.5.177,154,166,160,0
104.25.199.255,158,164,160,0
162.159.18.56,159,162,160,0
104.18.2.106,155,165,160,0
104.20.137.251,158,162,160,0
104.25.240.89,155,165,160,0
172.67.174.71,154,172,160,0
104.22.67.95,154,166,160,0
104.18.169.198,154,172,160,0
198.41.214.225,158,164,160,0
172.67.6.201,159,162,160,0
104.23.115.20,150,167,160,0
162.159.254.204,155,166,160,0
104.25.216.120,158,163,160,0
172.67.80.71,154,164,160,0
104.19.38.11,156,166,160,0
104.20.121.65,154,163,160,0
104.18.37.250,153,166,160,0
172.64.69.154,156,167,160,0
104.24.218.189,155,165,160,0
104.17.98.166,155,167,160,0
104.16.234.100,157,164,160,0
104.19.91.157,156,165,160,0
104.27.97.188,154,163,160,0
104.25.88.57,154,170,160,0
104.16.253.193,157,164,160,0
104.23.120.172,157,165,160,0
104.20.75.187,156,164,160,0
104.20.106.195,155,164,160,0
104.24.161.169,156,171,160,0
104.18.84.110,153,174,160,0
23.227.60.130,155,166,160,0
104.18.5.211,154,165,160,0
104.20.84.149,159,163,160,0
104.17.168.122,156,164,160,0
104.20.218.141,152,166,160,0
104.20.204.33,157,165,160,0
104.27.119.151,154,169,160,0
104.25.152.177,158,165,160,0
104.17.86.2,157,165,160,0
104.25.195.185,155,168,160,0
104.16.255.40,149,179,160,0
104.19.7.140,157,163,160,0
104.24.86.99,155,166,160,0
172.66.3.9,154,166,160,0
172.67.54.37,155,166,160,0
104.25.85.155,158,164,160,0
104.24.132.166,157,164,160,0
104.23.116.181,158,166,161,0
104.17.152.199,158,163,161,0
104.22.11.25,156,166,161,0
104.25.84.226,155,168,161,0
172.67.60.138,154,165,161,0
104.19.85.41,157,163,161,0
162.159.2.107,159,163,161,0
104.19.82.185,155,168,161,0
104.24.208.224,156,166,161,0
104.19.200.151,153,168,161,0
104.22.15.209,150,168,161,0
104.24.144.205,159,163,161,0
104.23.111.120,155,165,161,0
104.20.127.239,157,164,161,0
104.27.109.186,158,167,161,0
104.16.29.210,157,163,161,0
104.25.254.220,157,166,161,0
104.19.52.23,156,167,161,0
141.101.122.99,156,169,161,0
104.20.104.164,157,165,161,0
104.24.227.62,156,169,161,0
104.25.253.71,159,168,161,0
104.19.109.16,156,167,161,0
104.18.186.250,154,168,161,0
104.24.155.7,158,166,161,0
104.16.52.211,157,166,161,0
104.22.5.206,156,167,161,0
104.21.237.132,159,163,161,0
104.24.173.136,156,165,161,0
104.16.62.188,158,164,161,0
104.27.95.50,156,168,161,0
104.24.27.21,156,169,161,0
104.25.74.12,158,170,161,0
104.27.30.239,158,167,161,0
104.20.90.188,156,165,161,0
108.162.194.92,155,165,161,0
104.18.83.1,156,189,161,0
104.25.31.151,156,163,161,0
104.18.38.56,157,165,161,0
104.20.83.141,154,164,161,0
104.17.137.243,157,166,161,0
104.25.109.52,155,168,161,0
104.24.80.206,158,165,161,0
104.20.182.108,155,164,161,0
104.25.103.148,158,173,161,0
104.16.240.115,154,163,161,0
172.67.112.212,158,165,161,0
104.25.174.15,159,164,161,0
172.64.156.204,158,165,161,0
162.159.152.76,155,170,161,0
104.19.83.249,153,165,161,0
104.27.112.101,157,167,161,0
104.18.0.255,157,164,161,0
172.67.180.52,147,188,161,0
104.20.232.98,158,165,161,0
172.64.228.197,157,165,161,0
104.19.51.108,155,169,161,0
104.19.43.167,157,167,161,0
104.24.197.160,156,169,161,0
104.24.61.215,154,172,161,0
104.20.101.134,157,165,161,0
198.41.207.81,154,165,161,0
162.159.16.44,155,172,161,0
104.19.119.115,157,166,161,0
104.27.44.49,156,168,161,0
104.19.80.20,158,165,161,0
104.25.251.146,157,170,161,0
104.20.164.227,158,166,161,0
104.20.213.193,153,166,161,0
104.25.132.168,158,166,161,0
104.20.97.126,155,166,161,0
104.27.63.3,151,168,161,0
104.22.44.69,155,177,161,0
104.20.0.69,159,164,161,0
104.25.215.228,156,170,161,0
104.25.165.141,155,167,161,0
104.24.62.55,156,168,161,0
172.67.48.117,156,167,162,0
162.159.4.119,157,167,162,0
104.24.128.239,159,167,162,0
104.20.187.198,157,167,162,0
104.27.52.231,158,166,162,0
104.16.167.215,154,171,162,0
104.20.194.153,159,164,162,0
104.23.99.195,158,167,162,0
104.23.127.87,158,169,162,0
104.19.32.216,156,164,162,0
104.18.182.47,157,169,162,0
104.24.17.252,155,166,162,0
104.20.203.1,156,167,162,0
104.21.103.138,150,201,162,0
162.159.39.48,154,168,162,0
172.67.42.215,159,164,162,0
104.25.207.13,159,164,162,0
198.41.215.146,158,165,162,0
104.24.134.7,159,165,162,0
104.21.228.178,156,176,162,0
104.19.124.175,154,169,162,0
104.23.104.70,155,171,162,0
104.27.83.3,154,165,162,0
172.67.50.237,160,164,162,0
104.19.234.201,159,164,162,0
172.67.91.249,157,170,162,0
104.25.79.39,154,168,162,0
104.17.122.184,161,164,162,0
172.67.121.81,157,167,162,0
104.25.8.45,158,165,162,0
104.25.171.115,158,167,162,0
104.24.154.65,156,165,162,0
104.20.172.125,155,164,162,0
104.19.214.241,156,177,162,0
104.16.188.183,156,176,162,0
104.20.161.209,155,171,162,0
104.25.168.134,157,170,162,0
104.19.3.242,159,165,162,0
198.41.211.217,159,165,162,0
104.23.98.211,157,167,162,0
104.19.176.22,160,164,162,0
104.27.75.154,150,176,162,0
104.27.39.13,160,165,162,0
104.25.235.105,158,168,162,0
104.16.19.48,159,166,162,0
104.27.79.31,157,167,162,0
104.19.118.132,160,168,162,0
104.22.14.27,153,167,162,0
104.19.204.148,160,166,162,0
104.19.196.127,161,164,162,0
104.20.240.192,157,166,162,0
162.159.49.11,159,170,162,0
104.17.84.38,161,165,162,0
104.20.115.110,153,178,162,0
104.19.74.56,157,169,162,0
172.67.81.179,161,164,162,0
104.24.200.160,161,164,163,0
104.17.11.114,161,165,163,0
104.19.139.97,154,175,163,0
172.67.15.170,156,168,163,0
104.19.49.167,159,166,163,0
104.20.167.174,158,167,163,0
104.20.54.94,161,165,163,0
104.24.225.129,157,171,163,0
104.18.250.231,158,167,163,0
172.65.252.234,161,166,163,0
108.162.193.103,161,165,163,0
104.20.233.149,155,188,163,0
104.18.69.148,155,176,163,0
104.25.212.2,158,168,163,0
104.19.77.70,155,168,163,0
104.16.149.143,161,165,163,0
104.22.70.153,158,168,163,0
172.65.10.185,161,167,163,0
104.24.91.72,160,165,163,0
172.64.35.227,159,166,163,0
104.27.38.145,158,172,163,0
104.24.142.202,157,169,163,0
104.27.28.200,161,165,163,0
104.20.209.32,161,164,163,0
104.18.30.94,158,168,163,0
104.20.227.18,157,167,163,0
172.67.198.194,155,177,163,0
104.20.46.160,156,171,163,0
104.20.99.129,161,164,163,0
104.24.70.184,158,166,163,0
172.67.110.221,159,167,163,0
162.159.143.231,161,166,163,0
172.67.1.228,147,277,163,0
104.25.151.63,161,165,163,0
104.24.196.14,160,167,163,0
104.24.255.61,159,167,163,0
104.22.58.19,159,166,163,0
162.159.255.230,161,165,163,0
104.16.133.179,162,164,163,0
162.159.153.3,161,165,163,0
104.18.65.227,155,174,163,0
104.25.118.105,162,164,163,0
172.67.11.14,156,171,163,0
172.67.49.44,157,168,163,0
172.66.0.247,155,170,163,0
104.20.88.161,156,169,163,0
104.20.191.86,158,169,163,0
172.66.2.61,156,167,163,0
104.22.6.33,161,164,163,0
172.64.48.181,158,169,163,0
104.27.12.26,161,166,163,0
104.27.126.111,157,165,163,0
104.25.173.128,160,167,163,0
104.24.174.216,159,168,163,0
104.25.183.138,158,169,163,0
104.25.182.133,161,165,163,0
104.18.144.52,161,165,163,0
104.16.221.26,159,168,163,0
23.227.39.248,162,164,163,0
104.20.239.113,162,165,163,0
104.17.179.12,157,169,163,0
104.25.219.202,161,166,163,0
172.67.130.67,158,173,163,0
103.21.244.218,162,165,163,0
104.19.2.227,153,170,163,0
173.245.58.120,161,165,163,0
104.17.205.33,161,166,163,0
104.25.129.43,159,168,163,0
104.27.59.246,161,166,163,0
104.25.210.13,160,165,163,0
162.159.17.124,158,168,163,0
172.65.242.248,163,164,163,0
104.22.52.175,162,165,163,0
104.17.44.4,161,166,163,0
104.19.46.169,159,166,163,0
172.67.61.114,157,166,163,0
104.25.194.36,155,170,163,0
104.17.43.99,162,165,163,0
104.27.48.33,156,170,163,0
104.25.220.108,161,166,163,0
162.159.61.8,159,169,163,0
104.19.135.228,154,190,163,0
104.19.107.4,156,170,163,0
104.24.242.213,159,174,163,0
104.20.138.35,158,168,163,0
104.24.153.215,161,165,163,0
104.22.32.227,161,166,163,0
104.16.25.235,160,165,163,0
104.19.161.179,153,178,163,0
104.19.121.216,156,171,163,0
104.24.26.23,162,165,163,0
104.19.21.194,161,166,163,0
104.27.46.76,160,166,163,0
104.25.116.66,158,168,163,0
104.16.198.118,161,167,163,0
104.24.166.29,161,166,163,0
104.17.196.63,162,165,163,0
104.20.160.33,161,166,163,0
104.25.242.249,155,173,163,0
104.22.2.53,162,164,163,0
104.19.189.103,159,167,163,0
104.20.143.79,158,166,163,0
104.20.175.131,161,165,164,0
172.67.55.98,162,165,164,0
162.159.247.211,159,168,164,0
104.20.57.147,161,165,164,0
104.27.47.71,162,166,164,0
104.17.92.82,162,165,164,0
104.25.105.21,155,167,164,0
104.17.242.192,162,166,164,0
104.19.60.101,162,166,164,0
104.22.38.5,160,167,164,0
104.17.34.76,162,165,164,0
104.25.192.154,158,169,164,0
104.19.93.120,160,167,164,0
104.20.100.204,163,165,164,0
172.64.148.199,160,168,164,0
172.67.20.166,162,167,164,0
162.159.12.17,162,166,164,0
104.25.209.160,162,167,164,0
104.18.244.118,162,166,164,0
172.67.13.155,159,171,164,0
104.20.155.187,161,166,164,0
162.159.141.163,162,165,164,0
104.20.122.61,162,165,164,0
172.67.104.226,161,165,164,0
104.18.54.16,158,179,164,0
104.25.198.156,158,168,164,0
104.24.198.55,162,165,164,0
104.20.181.204,161,168,164,0
104.23.122.132,162,166,164,0
104.20.223.240,163,165,164,0
104.20.120.236,163,166,164,0
104.25.3.50,162,166,164,0
104.24.213.238,159,167,164,0
104.22.25.194,161,169,164,0
104.27.111.84,162,167,164,0
172.67.25.80,161,166,164,0
172.64.147.214,161,166,164,0
104.19.37.89,162,171,164,0
104.24.6.19,162,166,164,0
104.22.53.8,163,166,164,0
104.22.61.175,162,166,164,0
104.20.92.127,157,167,164,0
104.17.255.130,154,186,164,0
172.67.38.193,162,166,164,0
172.67.23.53,163,165,164,0
162.159.3.7,158,170,164,0
104.24.183.67,162,166,164,0
104.25.1.206,162,166,164,0
104.19.36.227,160,173,164,0
104.27.101.154,163,166,164,0
172.64.144.162,158,171,164,0
104.25.200.196,160,170,164,0
104.24.162.224,161,170,164,0
172.67.43.111,162,170,164,0
104.16.197.32,161,168,164,0
162.159.21.135,162,166,164,0
104.18.99.116,158,168,164,0
104.16.55.139,156,175,164,0
104.27.2.16,161,169,164,0
104.24.140.28,162,170,164,0
104.20.13.147,163,165,164,0
162.159.44.73,160,166,164,0
104.21.196.40,156,174,164,0
104.20.43.24,158,171,164,0
162.159.135.222,162,167,164,0
104.25.157.226,159,169,164,0
104.19.190.64,159,169,164,0
104.18.143.74,161,172,164,0
172.67.37.142,162,169,164,0
104.25.30.141,162,166,164,0
104.27.23.120,162,166,164,0
104.18.218.9,158,172,164,0
104.16.57.46,156,189,164,0
104.25.178.0,160,169,164,0
104.19.90.137,163,165,164,0
104.16.241.214,158,171,164,0
104.20.58.143,162,169,164,0
172.67.31.17,162,169,164,0
104.18.25.32,158,168,164,0
172.64.50.255,162,166,164,0
104.24.152.117,160,169,164,0
162.159.252.191,161,170,164,0
162.159.196.95,162,165,164,0
104.25.175.109,162,167,164,0
104.22.21.132,156,180,164,0
104.24.82.109,160,171,164,0
104.22.76.220,162,166,164,0
104.25.124.45,162,169,164,0
104.20.217.243,162,166,164,0
104.25.249.196,163,167,164,0
172.67.44.189,162,169,164,0
104.19.218.98,163,166,164,0
104.24.199.196,162,167,164,0
104.18.9.229,162,166,164,0
172.67.52.198,163,166,164,0
104.19.41.130,163,168,164,0
104.18.96.39,149,182,164,0
104.19.24.173,159,170,164,0
104.20.228.84,163,166,164,0
104.16.200.94,163,165,164,0
104.22.48.245,163,166,164,0
104.27.115.247,161,169,164,0
172.67.101.167,161,169,164,0
104.25.69.45,157,170,164,0
108.162.196.171,162,167,164,0
104.24.47.222,162,166,164,0
104.20.190.162,162,169,164,0
104.24.236.102,158,172,164,0
104.20.255.101,157,172,164,0
104.19.194.137,162,168,164,0
104.17.124.146,162,171,164,0
104.16.11.176,161,166,164,0
104.24.16.255,162,167,164,0
104.25.177.27,160,169,164,0
104.25.134.160,158,169,164,0
104.19.237.239,161,173,164,0
104.25.241.24,163,166,164,0
104.25.113.31,163,167,164,0
104.25.97.157,160,175,164,0
104.24.248.101,162,170,165,0
104.18.172.6,163,166,165,0
104.27.6.33,163,167,165,0
198.41.204.151,158,169,165,0
104.27.29.84,163,167,165,0
104.25.160.10,163,166,165,0
162.159.62.191,163,167,165,0
198.217.251.157,162,168,165,0
104.20.189.23,164,166,165,0
104.22.22.24,161,166,165,0
172.64.90.254,155,214,165,0
104.24.3.210,162,167,165,0
104.27.34.242,162,167,165,0
104.23.96.47,161,169,165,0
104.19.56.157,163,167,165,0
172.67.119.24,158,169,165,0
104.24.186.26,157,170,165,0
104.23.113.35,161,171,165,0
104.20.117.97,162,168,165,0
162.159.6.63,162,167,165,0
104.24.37.196,162,170,165,0
104.19.134.65,163,175,165,0
104.27.107.120,163,170,165,0
104.23.125.154,163,169,165,0
104.20.4.173,159,173,165,0
104.27.86.104,157,173,165,0
172.67.255.243,152,186,165,0
104.20.9.37,163,166,165,0
104.25.201.35,163,168,165,0
104.25.159.248,158,171,165,0
172.67.27.51,155,176,165,0
104.27.110.86,163,167,165,0
162.159.137.27,159,170,165,0
172.67.99.172,162,168,165,0
104.27.43.3,155,171,165,0
104.25.146.215,163,167,165,0
104.27.7.235,164,166,165,0
198.41.194.44,159,168,165,0
104.19.11.168,159,172,165,0
172.67.87.75,162,170,165,0
104.20.109.142,162,171,165,0
104.17.35.36,154,186,165,0
104.19.163.167,161,169,165,0
104.21.57.5,148,239,165,0
104.25.136.85,163,169,165,0
104.24.178.96,163,167,165,0
104.20.55.239,158,173,165,0
104.25.139.212,159,169,165,0
172.67.5.83,163,167,165,0
104.20.221.197,163,167,165,0
104.16.209.103,159,173,165,0
104.27.68.78,162,168,165,0
104.24.221.204,164,167,165,0
104.24.143.21,162,169,165,0
104.27.35.50,162,167,165,0
162.159.206.106,159,175,165,0
172.67.63.172,163,166,165,0
172.67.134.118,146,196,165,0
172.67.85.70,160,170,165,0
104.20.74.119,163,169,165,0
104.20.10.9,162,167,165,0
104.19.27.197,163,167,165,0
104.24.44.115,163,168,165,0
104.22.27.80,163,167,165,0
104.24.191.36,163,169,165,0
104.19.25.56,159,189,165,0
104.18.115.200,155,185,165,0
172.67.33.79,161,171,165,0
104.22.8.81,162,170,165,0
104.27.31.128,164,168,165,0
104.22.19.241,163,166,165,0
104.18.166.167,151,183,165,0
104.25.187.224,160,173,165,0
104.27.13.65,159,172,165,0
104.25.169.166,161,170,165,0
104.25.155.183,163,167,165,0
172.67.82.175,163,167,165,0
104.20.52.191,162,170,165,0
104.23.121.180,163,168,165,0
104.25.108.198,160,170,165,0
104.22.75.92,163,166,165,0
104.24.179.121,163,171,165,0
104.24.181.96,164,168,165,0
104.16.66.98,163,169,165,0
104.23.100.89,163,168,165,0
104.20.98.236,163,167,165,0
104.22.73.13,162,168,165,0
104.24.180.183,160,179,165,0
104.25.221.13,164,168,165,0
104.24.234.83,159,169,165,0
104.18.214.2,162,169,165,0
172.67.184.13,159,176,165,0
172.66.44.33,161,170,165,0
104.25.0.138,163,169,165,0
172.64.88.193,163,174,165,0
104.17.136.218,160,172,165,0
104.27.122.188,162,169,165,0
172.67.122.157,162,183,165,0
104.16.250.55,164,167,165,0
104.19.19.36,164,166,165,0
104.27.89.237,161,169,165,0
104.23.126.32,163,169,165,0
104.25.232.150,161,171,165,0
104.22.43.159,163,168,165,0
104.25.100.60,164,168,165,0
104.22.55.49,163,171,165,0
198.41.201.102,164,167,165,0
104.21.232.9,153,179,165,0
104.19.72.62,163,170,165,0
104.27.114.229,161,170,165,0
104.27.5.152,163,167,165,0
104.18.45.154,161,169,165,0
104.17.88.45,162,169,165,0
162.159.19.6,160,168,165,0
198.41.218.106,162,171,165,0
104.24.176.241,158,175,165,0
172.64.86.2,155,195,165,0
172.64.68.114,164,167,165,0
104.16.247.140,164,167,166,0
172.67.62.47,155,173,166,0
104.18.68.218,153,175,166,0
104.27.82.189,161,176,166,0
104.22.41.58,164,169,166,0
104.20.51.87,160,174,166,0
172.67.93.79,164,169,166,0
104.25.218.131,163,169,166,0
104.27.21.85,162,171,166,0
104.22.13.89,164,168,166,0
104.18.210.103,163,170,166,0
104.18.26.188,161,170,166,0
104.20.192.51,162,170,166,0
104.20.178.180,163,170,166,0
104.24.217.182,159,170,166,0
172.67.181.30,158,190,166,0
104.17.65.214,155,176,166,0
104.24.226.134,164,168,166,0
104.24.39.9,151,169,166,0
104.24.19.157,164,169,166,0
172.67.22.121,161,171,166,0
104.24.238.85,161,170,166,0
104.19.164.73,153,174,166,0
104.27.3.144,164,168,166,0
104.20.142.18,161,171,166,0
104.22.69.31,162,169,166,0
104.24.216.186,164,168,166,0
198.41.197.67,162,169,166,0
172.66.41.193,159,170,166,0
104.27.41.99,162,170,166,0
104.18.36.194,162,169,166,0
104.24.168.129,162,168,166,0
172.67.127.249,161,171,166,0
172.67.125.68,162,169,166,0
172.67.90.84,164,168,166,0
104.17.15.64,163,170,166,0
104.20.61.144,164,168,166,0
104.27.26.253,161,171,166,0
172.64.154.25,163,170,166,0
172.66.1.95,162,169,166,0
104.25.180.13,161,173,166,0
104.19.122.187,161,177,166,0
104.20.45.60,160,171,166,0
104.27.22.63,164,167,166,0
104.16.14.13,164,169,166,0
104.24.249.155,165,167,166,0
104.25.26.100,162,169,166,0
104.27.20.160,163,171,166,0
104.25.23.255,164,170,166,0
104.21.78.210,154,205,166,0
172.67.105.195,162,170,166,0
172.64.49.109,161,172,166,0
172.67.118.77,160,172,166,0
172.67.116.213,162,170,166,0
104.16.245.23,164,169,166,0
162.159.8.171,165,170,166,0
104.24.57.211,162,171,166,0
172.67.2.70,163,171,166,0
104.24.139.201,163,171,166,0
104.23.108.186,162,169,166,0
104.20.145.38,165,169,166,0
172.67.29.105,159,173,166,0
172.67.94.51,164,170,166,0
104.18.73.210,157,181,166,0
104.25.41.246,160,178,166,0
104.20.114.13,163,173,166,0
104.19.159.101,163,170,166,0
104.16.140.205,154,175,166,0
104.18.24.153,161,173,166,0
104.16.159.82,163,170,166,0
104.24.192.88,165,168,166,0
162.159.251.209,164,169,166,0
104.27.15.205,162,171,166,0
104.16.32.124,157,182,166,0
104.25.106.82,160,174,166,0
104.25.15.119,162,168,166,0
104.20.186.180,162,171,166,0
104.24.30.62,165,168,166,0
172.64.153.206,165,167,166,0
104.24.206.86,162,170,166,0
104.18.15.136,164,174,166,0
104.19.34.15,164,169,166,0
104.24.45.21,163,172,166,0
104.16.131.16,156,177,166,0
104.22.29.191,163,169,166,0
104.22.30.207,165,169,166,0
104.24.243.67,163,177,166,0
162.159.26.72,164,168,166,0
104.27.55.114,162,171,166,0
1.1.1.12,162,172,166,0
104.17.16.127,164,172,166,0
104.27.32.185,163,170,166,0
172.67.9.158,164,169,166,0
104.25.137.193,163,170,166,0
104.21.197.140,157,187,166,0
104.24.81.124,162,169,166,0
104.20.119.193,163,168,166,0
104.17.161.3,162,178,166,0
104.18.29.9,164,173,166,0
104.20.149.213,161,172,166,0
104.16.251.183,159,180,166,0
104.19.97.74,161,173,166,0
104.21.56.67,159,178,166,0
162.159.23.141,164,169,166,0
104.25.70.19,159,181,166,0
104.20.91.34,162,175,166,0
104.19.153.90,155,193,166,0
104.22.47.47,164,170,166,0
104.25.91.191,161,171,166,0
104.18.168.77,163,170,166,0
104.25.52.148,164,170,166,0
104.16.119.109,161,170,166,0
104.19.1.38,163,174,166,0
172.67.108.25,163,172,166,0
104.19.17.120,163,169,167,0
104.17.144.141,162,176,167,0
104.19.48.120,163,171,167,0
104.24.187.248,162,169,167,0
104.16.246.79,162,171,167,0
104.24.85.144,155,180,167,0
104.25.202.2,165,169,167,0
162.159.244.216,164,170,167,0
104.21.10.204,160,177,167,0
104.27.36.44,162,174,167,0
198.41.196.108,163,169,167,0
172.67.10.160,165,169,167,0
172.64.152.132,164,168,167,0
162.159.27.82,165,170,167,0
104.25.158.95,157,183,167,0
162.159.0.225,163,171,167,0
104.24.177.96,163,171,167,0
104.18.202.101,161,179,167,0
104.19.92.193,161,172,167,0
104.24.87.241,163,170,167,0
104.20.53.131,164,172,167,0
104.22.72.177,162,173,167,0
104.19.75.157,161,175,167,0
104.20.77.221,164,173,167,0
172.65.181.242,161,183,167,0
104.25.11.54,160,171,167,0
104.24.84.98,157,173,167,0
104.24.21.39,164,169,167,0
104.24.56.2,164,171,167,0
104.19.6.56,165,171,167,0
104.20.59.190,164,172,167,0
162.159.36.29,165,169,167,0
104.16.214.39,162,178,167,0
104.23.102.117,165,172,167,0
104.16.186.242,164,176,167,0
172.64.94.219,157,182,167,0
104.25.125.116,164,180,167,0
104.22.33.119,163,171,167,0
104.22.10.91,163,173,167,0
104.19.81.214,163,173,167,0
104.18.217.64,160,173,167,0
172.64.95.230,162,176,167,0
104.27.121.158,164,171,167,0
190.93.246.6,162,173,167,0
188.114.98.155,146,200,167,0
104.23.105.129,161,176,167,0
172.67.100.240,163,173,167,0
104.17.248.132,163,172,167,0
104.19.106.23,164,171,167,0
104.16.35.85,158,177,167,0
104.24.220.241,164,172,167,0
104.19.70.144,166,169,167,0
172.64.41.123,162,176,167,0
162.159.248.43,163,172,167,0
104.22.68.241,166,169,167,0
104.25.162.194,165,173,167,0
104.18.254.102,163,179,167,0
104.19.5.109,164,171,167,0
104.17.38.81,157,179,167,0
104.19.84.7,166,169,167,0
198.41.208.170,163,173,167,0
104.17.178.141,163,178,167,0
104.20.136.199,163,173,167,0
104.25.51.164,163,173,167,0
104.24.33.227,163,172,167,0
104.24.78.86,163,174,167,0
104.20.73.150,165,169,167,0
172.67.57.132,157,184,168,0
172.64.82.228,154,198,168,0
104.24.156.95,162,173,168,0
104.27.11.122,158,173,168,0
104.24.133.186,165,169,168,0
104.25.29.133,157,175,168,0
104.22.78.73,165,170,168,0
104.22.0.36,166,170,168,0
104.27.65.71,166,172,168,0
104.24.147.9,165,172,168,0
172.67.34.92,160,175,168,0
104.20.3.215,164,172,168,0
104.25.161.84,164,171,168,0
104.17.151.213,163,173,168,0
104.18.124.59,154,178,168,0
104.17.70.225,164,174,168,0
104.16.73.119,165,171,168,0
104.16.37.255,160,181,168,0
172.64.81.205,163,175,168,0
104.18.138.199,161,181,168,0
104.27.117.71,150,185,168,0
104.27.50.134,157,172,168,0
104.23.119.218,163,173,168,0
104.16.46.24,154,187,168,0
141.101.115.210,159,182,168,0
104.25.59.136,162,175,168,0
104.17.131.9,156,182,168,0
104.20.107.227,162,184,168,0
104.27.124.181,160,177,168,0
104.24.12.174,165,170,168,0
104.16.34.85,155,189,168,0
104.16.173.36,162,180,168,0
172.64.155.36,164,171,168,0
104.18.13.148,162,180,168,0
104.25.21.214,163,178,168,0
104.20.148.112,166,173,168,0
104.24.170.119,163,174,168,0
104.16.150.241,165,171,168,0
172.67.175.199,149,201,168,0
104.17.110.15,162,180,168,0
104.17.142.71,165,175,168,0
104.17.106.44,161,172,168,0
104.20.169.21,165,170,168,0
104.24.29.187,166,170,168,0
104.16.244.212,162,182,168,0
104.18.197.138,163,173,168,0
104.18.19.195,165,171,168,0
162.159.24.37,162,172,168,0
172.67.103.42,166,169,168,0
104.23.109.176,164,171,168,0
104.19.245.202,157,178,168,0
104.17.233.229,163,177,168,0
104.18.75.0,163,174,168,0
104.20.116.75,162,180,168,0
104.25.188.71,165,172,168,0
172.67.206.15,159,210,168,0
104.25.4.177,165,171,168,0
104.25.72.56,160,178,168,0
104.24.79.54,164,172,168,0
104.16.154.66,164,175,168,0
104.19.202.41,164,177,168,0
104.27.61.66,161,180,168,0
104.25.226.247,163,175,168,0
104.25.66.31,153,181,168,0
104.19.241.232,166,174,168,0
172.67.28.237,164,174,168,0
104.19.10.148,164,173,168,0
162.159.249.244,165,171,168,0
104.24.43.79,157,179,168,0
104.18.88.226,162,175,168,0
104.16.56.74,163,180,168,0
104.25.117.78,164,171,168,0
104.20.180.100,163,183,168,0
104.17.32.241,165,173,168,0
104.17.230.148,166,171,168,0
104.24.229.245,165,173,168,0
104.20.197.123,166,176,168,0
104.22.24.23,161,175,168,0
104.25.13.228,160,180,168,0
104.27.127.47,166,173,168,0
104.17.36.110,156,182,168,0
104.19.179.14,155,188,168,0
104.25.239.87,161,176,168,0
104.24.59.233,160,172,168,0
104.19.15.216,165,173,168,0
104.20.32.185,167,172,168,0
104.24.23.149,165,174,168,0
104.21.220.37,159,200,168,0
104.25.32.26,165,174,168,0
104.16.41.239,158,183,168,0
104.22.74.64,167,172,168,0
104.18.4.200,163,177,168,0
104.25.228.205,162,172,168,0
104.19.0.204,163,173,169,0
104.24.31.207,160,179,169,0
104.16.203.160,164,172,169,0
104.19.136.77,154,243,169,0
104.20.251.70,166,172,169,0
104.17.39.72,165,172,169,0
104.20.173.218,165,178,169,0
104.20.86.240,166,179,169,0
185.146.173.95,164,180,169,0
104.16.208.175,155,200,169,0
104.16.125.157,162,172,169,0
172.67.111.137,166,173,169,0
104.27.88.21,165,172,169,0
104.24.185.190,164,175,169,0
104.25.82.235,161,180,169,0
172.67.145.76,155,204,169,0
172.64.150.20,163,183,169,0
104.17.30.158,158,176,169,0
104.27.94.24,165,175,169,0
104.22.9.177,164,178,169,0
104.16.137.4,167,171,169,0
104.19.95.83,165,172,169,0
104.19.160.32,160,175,169,0
104.17.143.153,163,177,169,0
172.67.205.18,153,203,169,0
104.19.103.203,163,172,169,0
104.19.236.202,157,176,169,0
188.114.99.13,158,190,169,0
104.19.102.39,166,175,169,0
104.22.17.54,165,173,169,0
172.67.150.73,157,201,169,0
104.18.139.37,165,172,169,0
104.18.14.205,163,181,169,0
104.16.238.20,157,180,169,0
104.22.39.68,165,179,169,0
104.16.27.96,159,192,169,0
104.20.151.232,164,174,169,0
104.19.50.81,167,172,169,0
104.17.225.148,160,194,169,0
104.20.226.255,164,174,169,0
104.17.40.162,156,181,169,0
104.17.189.161,156,177,169,0
104.24.54.20,164,183,169,0
104.16.145.102,159,187,169,0
104.16.193.79,161,175,169,0
104.24.165.180,166,173,169,0
104.18.107.114,161,173,169,0
104.17.141.242,165,180,169,0
104.21.226.81,164,174,169,0
104.24.169.39,165,175,169,0
104.25.250.199,166,173,169,0
104.24.38.254,165,174,169,0
162.159.239.233,162,190,169,0
104.17.114.105,162,181,169,0
104.31.16.158,167,172,169,0
104.25.25.60,155,185,169,0
104.17.97.145,163,185,169,0
104.20.87.20,156,180,169,0
104.18.227.133,164,175,169,0
104.21.81.147,154,202,169,0
104.24.36.39,165,171,169,0
104.27.106.61,165,174,169,0
104.17.236.223,167,175,169,0
104.17.13.23,161,179,169,0
104.27.118.245,166,173,169,0
104.25.95.134,165,175,169,0
104.18.90.110,162,174,169,0
172.67.58.172,162,176,169,0
104.19.29.164,167,174,169,0
172.64.158.68,162,175,169,0
104.25.83.162,167,180,169,0
104.17.174.198,165,178,169,0
104.19.211.169,158,186,169,0
104.19.150.160,163,181,169,0
162.159.133.29,164,181,169,0
104.16.28.143,161,173,169,0
104.21.47.226,162,183,169,0
104.19.64.115,158,182,169,0
172.67.237.207,158,199,169,0
104.25.150.14,165,173,169,0
104.16.190.74,163,179,169,0
104.19.42.192,165,173,169,0
104.16.75.87,153,189,169,0
104.27.84.11,159,183,169,0
104.25.34.148,163,178,169,0
104.17.128.94,164,176,169,0
172.65.205.146,163,174,169,0
104.17.175.82,166,175,170,0
104.25.196.178,158,176,170,0
104.16.54.0,159,176,170,0
104.22.40.20,167,175,170,0
104.24.246.165,162,180,170,0
104.18.50.184,156,229,170,0
172.67.86.126,166,176,170,0
104.20.12.62,165,177,170,0
172.67.120.199,168,172,170,0
104.25.99.222,159,176,170,0
104.16.171.190,162,178,170,0
172.67.163.55,163,200,170,0
104.20.134.55,161,187,170,0
104.16.215.19,162,179,170,0
104.23.97.22,165,174,170,0
172.67.41.226,165,183,170,0
104.20.177.239,168,174,170,0
104.27.108.124,163,189,170,0
104.19.226.168,163,176,170,0
104.20.230.151,167,173,170,0
104.20.245.123,160,174,170,0
198.41.206.228,164,179,170,0
104.16.176.153,161,182,170,0
104.17.100.205,167,173,170,0
104.25.90.129,162,187,170,0
104.17.202.13,166,179,170,0
104.20.35.140,161,180,170,0
23.227.38.193,161,183,170,0
104.20.241.142,162,180,170,0
104.17.134.70,163,174,170,0
104.16.165.23,165,174,170,0
104.24.253.168,167,175,170,0
104.16.59.111,166,176,170,0
172.66.40.222,167,175,170,0
104.19.69.249,164,177,170,0
172.65.246.60,162,184,170,0
172.67.14.240,161,180,170,0
104.25.231.128,166,177,170,0
172.67.95.164,165,180,170,0
104.16.136.193,158,192,170,0
172.67.96.249,164,175,170,0
104.25.35.85,165,174,170,0
104.18.170.110,157,180,170,0
104.22.77.69,166,175,170,0
104.24.232.242,166,178,170,0
104.24.0.85,168,173,170,0
172.67.36.5,160,177,170,0
104.17.197.149,157,189,170,0
104.17.121.88,155,193,170,0
104.20.130.14,165,178,170,0
104.24.167.242,160,176,170,0
104.16.65.105,161,182,170,0
172.64.157.154,161,176,170,0
162.159.245.251,165,194,170,0
104.17.140.50,167,175,170,0
104.22.64.109,166,174,170,0
104.18.23.165,166,175,170,0
104.25.233.159,169,173,170,0
104.25.234.101,164,184,170,0
104.21.46.5,160,180,170,0
108.162.198.6,167,176,170,0
104.24.239.96,165,178,170,0
172.66.46.146,166,175,170,0
104.24.25.227,160,177,170,0
104.20.225.255,165,177,170,0
104.19.192.95,162,177,170,0
104.25.238.111,167,180,170,0
104.27.116.132,165,178,170,0
104.25.144.92,168,176,170,0
104.24.55.241,166,176,170,0
104.19.251.56,155,180,170,0
104.27.91.148,166,174,170,0
104.21.86.9,158,196,170,0
104.19.123.169,162,177,170,0
162.159.14.162,161,181,170,0
104.17.194.242,161,180,170,0
104.24.212.151,167,174,170,0
172.64.53.51,161,184,170,0
104.16.169.163,163,176,170,0
104.20.165.247,167,173,170,0
104.19.184.203,160,185,170,0
104.16.236.111,165,177,170,0
104.19.14.77,165,174,170,0
104.23.112.32,165,174,170,0
104.24.18.87,159,184,170,0
104.19.9.183,163,178,170,0
104.17.153.23,167,175,170,0
104.20.198.33,166,175,170,0
104.20.67.60,165,181,170,0
104.25.17.239,165,177,171,0
104.25.76.33,163,179,171,0
104.22.23.147,169,173,171,0
104.19.178.206,162,181,171,0
162.159.38.123,167,182,171,0
162.159.253.26,165,181,171,0
104.17.83.223,158,185,171,0
104.18.117.248,147,189,171,0
172.67.113.65,166,177,171,0
104.25.14.184,167,176,171,0
162.159.58.254,165,175,171,0
162.159.138.222,166,175,171,0
172.64.93.199,154,202,171,0
104.22.42.116,167,175,171,0
104.20.211.117,164,180,171,0
104.19.193.172,164,182,171,0
104.24.237.160,165,174,171,0
104.16.141.48,156,184,171,0
198.41.222.27,162,178,171,0
104.24.50.134,168,175,171,0
104.20.14.147,168,174,171,0
104.17.108.43,162,178,171,0
104.22.36.146,161,190,171,0
104.18.28.93,166,182,171,0
104.17.104.249,159,189,171,0
104.20.163.164,160,179,171,0
104.24.13.187,162,176,171,0
172.66.42.48,165,178,171,0
104.18.141.170,158,190,171,0
104.16.225.132,162,180,171,0
104.16.103.233,158,190,171,0
162.159.13.212,162,182,171,0
104.22.1.117,168,177,171,0
104.24.247.120,169,174,171,0
104.20.216.78,165,180,171,0
104.24.40.207,166,182,171,0
104.17.53.225,168,175,171,0
104.19.141.179,154,207,171,0
104.20.44.231,164,186,171,0
104.25.237.252,166,176,171,0
104.16.72.126,158,181,171,0
104.20.42.68,166,184,171,0
104.25.186.146,161,180,171,0
104.20.112.166,167,173,171,0
104.22.45.213,160,176,171,0
172.64.34.206,167,181,171,0
104.16.74.255,163,180,171,0
104.20.113.236,165,188,171,0
104.18.32.71,162,183,171,0
104.17.115.96,167,177,171,0
172.64.151.6,161,185,171,0
104.24.230.197,169,174,171,0
190.93.247.189,158,190,171,0
172.67.8.144,168,176,171,0
104.18.208.209,164,186,171,0
172.64.42.173,169,174,171,0
104.17.213.119,164,176,171,0
104.16.143.74,164,178,171,0
104.16.79.181,167,180,171,0
104.19.79.206,169,175,171,0
104.20.5.17,164,179,171,0
104.17.243.213,162,177,171,0
104.16.232.186,163,180,171,0
1.0.0.17,168,178,171,0
104.24.210.50,164,179,171,0
104.16.124.201,164,183,171,0
172.64.231.218,165,180,171,0
104.25.204.169,169,174,171,0
104.25.143.65,168,184,171,0
172.67.12.38,166,184,171,0
104.19.149.82,160,188,171,0
104.18.162.232,165,175,171,0
104.25.93.189,167,176,171,0
162.159.140.249,166,182,171,0
104.19.167.166,163,180,171,0
104.20.63.246,166,183,171,0
104.20.166.235,166,178,171,0
172.67.3.242,168,179,171,0
104.25.230.144,167,180,172,0
104.20.96.196,160,186,172,0
104.20.150.145,168,176,172,0
104.20.78.208,168,176,172,0
104.19.175.14,161,198,172,0
104.25.167.69,166,183,172,0
104.25.217.37,167,177,172,0
104.16.30.240,157,183,172,0
104.16.77.195,161,181,172,0
104.20.102.29,169,177,172,0
104.17.123.82,161,181,172,0
104.25.131.117,165,179,172,0
104.21.82.42,159,221,172,0
104.19.225.138,163,178,172,0
104.24.182.184,170,173,172,0
104.25.127.190,167,182,172,0
104.21.88.91,163,208,172,0
104.20.243.179,166,177,172,0
172.67.176.237,157,196,172,0
104.20.132.62,165,179,172,0
104.25.24.86,169,179,172,0
104.25.5.48,168,176,172,0
104.24.32.211,166,177,172,0
104.17.73.49,162,181,172,0
104.19.78.28,166,181,172,0
104.17.61.129,165,179,172,0
172.67.89.161,162,180,172,0
190.93.244.228,159,198,172,0
104.25.193.196,163,180,172,0
172.67.32.30,168,176,172,0
104.22.34.151,160,184,172,0
198.41.216.196,163,182,172,0
104.25.53.116,165,179,172,0
104.20.156.158,168,177,172,0
172.67.35.51,165,178,172,0
104.24.76.58,170,175,172,0
104.25.206.83,162,182,172,0
104.18.98.108,161,189,172,0
104.25.111.125,169,177,172,0
104.18.47.238,167,182,172,0
104.24.52.244,165,175,172,0
104.18.87.128,167,183,172,0
104.24.145.83,164,180,172,0
172.67.98.216,165,176,172,0
104.18.8.70,167,184,172,0
104.24.250.157,167,185,172,0
172.67.254.67,156,203,172,0
104.20.231.71,160,177,172,0
162.159.194.9,166,180,172,0
104.25.71.169,169,176,172,0
104.18.3.21,166,182,172,0
172.67.21.208,165,186,172,0
104.25.78.32,165,182,172,0
104.22.79.115,168,177,172,0
104.16.123.108,168,183,172,0
104.19.183.213,162,187,172,0
104.20.147.208,162,180,172,0
104.24.9.205,170,176,172,0
104.27.9.207,162,180,172,0
104.25.49.81,162,178,172,0
104.17.190.195,168,178,172,0
104.20.133.0,162,177,172,0
104.16.170.51,156,200,172,0
104.20.111.73,167,180,172,0
104.16.144.230,168,181,172,0
104.17.14.195,162,195,172,0
104.20.246.35,168,180,172,0
104.27.72.171,166,179,172,0
172.67.40.95,168,179,172,0
104.20.41.187,162,179,172,0
172.64.229.240,168,183,172,0
104.19.31.217,169,180,172,0
104.19.33.191,169,183,172,0
172.67.59.161,170,176,172,0
104.18.199.117,161,190,172,0
104.17.185.41,162,192,172,0
172.67.45.237,164,179,172,0
104.20.36.185,168,178,172,0
198.41.223.128,169,181,172,0
172.67.97.218,169,178,172,0
104.20.89.27,170,176,172,0
104.16.228.123,164,188,172,0
104.19.205.37,168,178,172,0
104.19.114.40,163,184,172,0
104.24.93.114,169,177,172,0
104.17.46.120,164,179,173,0
104.17.191.26,163,187,173,0
104.18.79.173,159,183,173,0
104.17.214.159,164,184,173,0
104.25.172.142,165,184,173,0
104.18.108.133,165,182,173,0
104.18.155.143,168,178,173,0
104.24.28.54,167,184,173,0
104.19.125.35,165,185,173,0
104.24.251.146,166,183,173,0
104.18.198.33,167,185,173,0
104.16.76.61,167,182,173,0
104.17.182.0,167,178,173,0
104.16.160.210,162,183,173,0
104.20.188.56,167,181,173,0
104.19.248.121,163,189,173,0
172.67.24.101,169,180,173,0
104.16.58.128,164,179,173,0
104.18.220.168,157,184,173,0
104.19.108.232,168,183,173,0
104.17.207.252,164,181,173,0
104.24.205.22,170,177,173,0
104.20.238.99,167,178,173,0
172.67.199.106,162,209,173,0
104.25.80.2,166,181,173,0
104.27.120.223,157,189,173,0
104.23.107.67,167,189,173,0
104.27.60.149,162,189,173,0
104.20.179.35,170,179,173,0
104.27.1.58,168,178,173,0
172.64.159.74,161,182,173,0
104.19.62.15,170,179,173,0
104.19.127.33,163,181,173,0
104.18.35.53,164,184,173,0
104.18.34.160,170,176,173,0
104.18.64.188,163,183,173,0
104.20.70.194,167,185,173,0
104.16.44.108,165,187,173,0
104.20.157.62,170,176,173,0
104.25.89.192,170,181,173,0
104.25.119.20,168,177,173,0
104.18.156.124,163,185,173,0
104.17.3.109,159,189,173,0
104.17.9.4,162,192,173,0
104.20.65.16,167,177,173,0
104.18.67.240,167,179,173,0
104.20.80.172,168,181,173,0
104.24.202.80,169,179,173,0
104.25.19.129,166,186,173,0
104.27.54.127,168,188,173,0
104.18.33.224,168,189,173,0
162.159.10.237,168,192,173,0
104.16.81.212,162,184,173,0
104.16.194.43,168,184,173,0
104.18.236.61,163,206,173,0
104.24.207.224,167,181,173,0
104.18.167.252,169,185,173,0
104.25.208.72,167,187,173,0
172.67.222.222,164,201,174,0
104.27.71.162,170,180,174,0
104.19.217.232,170,186,174,0
104.17.228.235,167,189,174,0
104.24.83.236,170,180,174,0
104.16.237.45,164,178,174,0
104.20.76.188,165,184,174,0
104.18.131.153,169,177,174,0
104.17.79.63,163,191,174,0
172.67.26.170,170,180,174,0
104.17.212.72,164,177,174,0
104.18.159.203,165,183,174,0
104.16.239.223,166,189,174,0
172.67.251.160,159,198,174,0
104.18.175.205,169,180,174,0
104.16.96.104,163,193,174,0
104.16.156.196,158,187,174,0
104.22.28.16,165,181,174,0
104.16.162.51,164,182,174,0
104.19.126.218,163,186,174,0
104.27.80.176,169,184,174,0
172.67.158.9,158,193,174,0
104.17.67.168,162,183,174,0
104.19.222.61,167,187,174,0
104.16.71.145,168,180,174,0
198.41.193.127,165,181,174,0
104.17.209.255,168,180,174,0
104.17.195.153,164,187,174,0
104.25.138.186,161,185,174,0
104.24.235.3,168,182,174,0
104.16.45.169,154,192,174,0
104.17.109.174,169,186,174,0
104.16.100.222,166,181,174,0
104.17.246.153,170,183,174,0
104.19.209.101,165,188,174,0
104.25.101.5,167,182,174,0
104.16.180.186,166,180,174,0
104.27.73.135,165,187,174,0
104.16.252.13,157,184,174,0
104.17.203.11,169,190,174,0
104.20.11.182,168,184,174,0
104.21.8.69,155,212,174,0
104.19.173.213,169,182,174,0
172.67.16.115,159,184,174,0
104.20.50.89,166,184,174,0
104.20.208.135,168,183,174,0
104.17.148.62,165,187,174,0
172.67.211.67,156,202,174,0
104.24.175.131,164,188,174,0
104.18.174.2,156,192,174,0
104.17.85.240,166,192,174,0
172.64.84.246,156,206,174,0
104.17.6.151,164,183,174,0
104.24.75.185,167,181,174,0
104.20.159.254,168,178,174,0
162.159.1.192,169,179,174,0
104.16.185.185,154,189,174,0
104.25.166.113,168,187,174,0
104.18.111.244,156,189,174,0
104.20.141.215,168,183,174,0
104.17.247.246,167,187,174,0
104.21.236.25,164,189,175,0
104.16.195.187,162,184,175,0
104.19.58.220,170,185,175,0
104.27.58.10,165,186,175,0
104.24.35.193,170,179,175,0
104.20.199.74,168,178,175,0
104.20.183.89,169,183,175,0
104.19.174.46,161,182,175,0
104.17.93.2,162,201,175,0
104.19.185.61,160,186,175,0
104.24.223.215,171,178,175,0
172.64.83.81,169,190,175,0
104.16.126.126,161,193,175,0
104.21.51.94,157,242,175,0
104.21.225.55,161,192,175,0
172.67.248.106,149,237,175,0
104.18.106.127,166,184,175,0
104.17.133.81,160,198,175,0
104.17.49.33,154,207,175,0
172.67.137.68,153,222,175,0
104.27.16.224,169,181,175,0
104.19.26.205,170,185,175,0
104.18.116.235,171,180,175,0
104.24.171.174,169,180,175,0
172.67.39.52,171,179,175,0
104.19.168.194,164,184,175,0
104.18.173.69,170,184,175,0
104.25.229.209,167,183,175,0
104.24.135.16,167,191,175,0
104.16.220.35,169,186,175,0
104.21.229.201,161,197,175,0
104.17.239.62,169,189,175,0
104.16.135.64,161,185,175,0
104.18.207.108,170,179,175,0
104.17.146.209,164,194,175,0
104.18.235.131,167,189,175,0
104.22.7.230,168,182,175,0
104.16.106.231,171,181,175,0
104.19.244.155,164,191,175,0
104.24.34.14,168,181,175,0
104.17.103.22,164,185,175,0
104.16.187.231,162,184,175,0
104.17.105.251,171,180,175,0
104.27.25.197,171,184,175,0
104.26.0.170,168,181,175,0
104.20.206.92,169,184,175,0
104.17.163.44,164,194,175,0
172.64.230.196,170,181,175,0
104.17.2.161,170,194,175,0
104.16.64.132,160,199,175,0
104.21.227.58,146,197,175,0
104.18.22.225,171,184,176,0
104.16.6.29,163,191,176,0
104.17.169.247,163,187,176,0
104.22.63.214,170,182,176,0
172.64.80.136,158,205,176,0
104.18.86.131,162,193,176,0
104.18.125.27,173,179,176,0
104.17.138.221,164,184,176,0
104.16.121.155,170,181,176,0
104.20.34.18,171,183,176,0
104.16.85.58,163,201,176,0
104.25.120.230,170,185,176,0
104.18.163.140,163,189,176,0
104.25.203.212,169,181,176,0
104.19.188.131,163,199,176,0
104.18.97.36,171,182,176,0
104.17.217.141,167,191,176,0
104.17.187.86,163,183,176,0
104.17.117.132,172,187,176,0
104.26.9.5,170,186,176,0
104.18.78.51,169,185,176,0
104.19.228.158,172,187,176,0
104.17.47.38,169,188,176,0
104.21.20.169,164,205,176,0
104.18.233.95,169,183,176,0
104.18.181.209,170,186,176,0
104.18.245.221,169,184,176,0
104.16.1.231,165,184,176,0
104.19.87.190,172,185,176,0
104.16.189.70,163,187,176,0
104.20.27.6,165,188,176,0
104.16.211.113,163,188,176,0
104.24.172.179,171,184,176,0
172.67.171.86,164,212,176,0
104.16.172.204,169,190,176,0
104.17.156.122,159,200,176,0
104.17.7.105,159,202,176,0
104.18.225.187,156,191,176,0
104.21.70.229,162,218,176,0
104.18.126.49,159,235,177,0
104.21.117.44,157,241,177,0
104.21.238.3,169,185,177,0
104.17.66.126,169,190,177,0
104.16.242.26,163,211,177,0
104.25.73.190,171,188,177,0
104.16.12.130,173,184,177,0
104.18.158.66,157,191,177,0
104.16.42.174,164,186,177,0
104.24.92.51,169,187,177,0
104.16.39.59,159,205,177,0
104.18.112.153,169,201,177,0
172.67.186.205,160,234,177,0
104.17.21.83,162,194,177,0
104.17.173.129,161,194,177,0
104.17.75.31,163,201,177,0
172.67.253.180,157,286,177,0
104.17.252.233,165,193,177,0
104.17.210.28,169,180,177,0
172.67.74.7,167,184,177,0
172.67.77.168,167,187,177,0
172.65.226.15,169,188,177,0
104.16.98.71,157,203,177,0
104.18.92.76,172,187,177,0
104.18.211.76,159,196,177,0
188.114.97.167,169,200,177,0
104.17.125.41,164,192,177,0
104.19.63.146,169,187,177,0
104.20.247.110,169,190,177,0
104.17.23.65,169,194,177,0
172.67.214.158,158,203,177,0
104.21.109.204,156,213,177,0
104.25.56.39,171,182,177,0
104.17.204.75,156,201,177,0
104.16.3.34,167,191,177,0
104.17.127.210,167,191,177,0
104.21.234.85,166,192,177,0
104.17.41.132,157,197,177,0
104.27.8.211,171,186,177,0
104.24.136.20,167,187,177,0
104.20.22.6,163,190,177,0
104.19.227.223,171,193,178,0
104.16.26.44,171,182,178,0
104.18.53.63,166,205,178,0
172.67.148.76,160,212,178,0
104.18.122.92,164,187,178,0
104.17.112.176,172,185,178,0
104.18.147.140,148,199,178,0
104.17.241.25,161,196,178,0
104.16.204.234,172,187,178,0
104.19.171.209,165,194,178,0
104.18.151.144,162,203,178,0
172.67.76.105,170,188,178,0
104.16.231.80,171,195,178,0
104.17.129.99,171,208,178,0
172.64.38.232,172,197,178,0
104.18.212.76,162,190,178,0
104.18.136.86,172,189,178,0
172.64.89.220,163,210,178,0
104.17.8.72,174,182,178,0
104.25.22.243,171,190,178,0
172.64.92.223,165,202,178,0
104.17.126.29,165,197,178,0
104.21.50.193,164,203,178,0
104.18.132.95,161,188,178,0
104.16.226.196,168,198,178,0
104.17.226.151,160,191,178,0
172.67.70.12,170,192,178,0
104.18.160.2,163,194,178,0
104.19.255.186,171,185,178,0
104.18.253.65,163,191,178,0
104.18.232.9,161,195,178,0
104.18.109.95,164,189,178,0
104.18.164.58,174,186,178,0
104.18.224.23,159,193,178,0
104.17.94.97,162,184,178,0
104.17.155.66,164,199,178,0
104.17.1.170,172,189,178,0
172.64.87.170,164,209,178,0
104.19.172.201,163,200,178,0
172.67.69.243,170,185,179,0
104.18.80.169,161,187,179,0
104.18.205.107,165,199,179,0
104.16.69.18,158,191,179,0
104.17.159.50,158,197,179,0
104.21.216.34,167,204,179,0
104.16.89.226,172,193,179,0
104.21.6.199,160,240,179,0
104.17.222.92,162,201,179,0
104.16.83.190,174,184,179,0
104.16.206.169,166,210,179,0
172.67.190.23,158,249,179,0
104.18.189.12,166,194,179,0
104.26.7.159,172,189,179,0
104.19.250.162,172,188,179,0
172.67.153.196,158,218,179,0
172.67.75.36,168,186,179,0
104.18.52.32,169,203,179,0
104.17.135.249,165,197,179,0
104.20.17.89,174,187,179,0
104.16.207.160,165,196,179,0
104.18.153.90,174,194,179,0
104.16.223.117,162,202,179,0
104.16.132.104,171,187,179,0
104.16.163.201,167,199,179,0
104.18.247.93,158,193,180,0
104.16.212.203,166,194,180,0
104.18.152.40,172,189,180,0
172.67.149.242,161,257,180,0
104.18.239.66,165,204,180,0
104.17.51.195,160,207,180,0
104.16.53.1,163,196,180,0
104.16.222.101,165,201,180,0
172.67.245.237,157,215,180,0
104.19.169.227,169,203,180,0
172.67.71.104,173,188,180,0
104.16.227.71,167,193,180,0
104.16.86.234,175,185,180,0
104.16.184.224,174,187,180,0
104.20.30.16,172,187,180,0
104.18.252.205,168,209,180,0
104.18.201.16,158,191,180,0
104.18.222.234,166,191,180,0
104.17.199.73,168,202,180,0
104.20.21.237,172,196,180,0
104.17.234.248,170,190,180,0
104.16.148.130,163,191,180,0
104.26.4.157,169,190,180,0
104.18.231.97,174,186,180,0
104.16.108.103,163,191,180,0
104.16.192.12,172,190,181,0
104.16.216.200,169,185,181,0
104.18.157.239,166,196,181,0
104.16.151.159,167,202,181,0
104.20.29.153,173,190,181,0
104.16.15.44,169,195,181,0
104.21.210.198,158,211,181,0
104.18.255.73,163,199,181,0
172.67.189.176,163,212,181,0
104.16.101.186,166,198,181,0
104.18.118.66,170,191,181,0
104.16.254.243,173,184,181,0
104.21.31.143,160,234,181,0
172.67.226.253,155,288,181,0
104.17.102.188,173,192,181,0
104.21.90.83,164,220,181,0
104.17.28.41,175,191,181,0
104.18.150.220,167,197,181,0
104.19.154.187,171,191,181,0
104.17.149.21,175,194,181,0
104.16.4.82,171,194,181,0
104.21.34.197,163,210,181,0
104.17.221.239,172,197,181,0
104.17.119.102,170,194,181,0
172.67.177.109,165,253,181,0
104.18.110.47,170,192,181,0
104.21.44.114,168,227,181,0
172.67.72.114,170,192,181,0
104.16.0.116,168,211,181,0
104.17.220.253,164,200,181,0
104.18.190.169,173,196,182,0
104.18.226.15,161,207,182,0
104.19.215.235,166,196,182,0
172.64.91.113,170,211,182,0
104.18.146.190,164,201,182,0
104.18.200.48,169,197,182,0
104.16.82.177,162,200,182,0
104.16.139.48,175,191,182,0
104.16.78.202,175,196,182,0
104.17.251.177,173,193,182,0
104.17.206.120,162,198,182,0
104.21.28.194,166,212,182,0
104.18.140.251,169,208,182,0
104.19.243.78,162,200,182,0
172.67.78.242,175,195,182,0
104.16.196.179,173,193,182,0
141.101.114.247,175,192,182,0
162.159.35.126,171,200,182,0
172.65.224.32,177,188,182,0
104.17.229.54,156,207,183,0
172.67.213.58,164,218,183,0
172.64.85.170,172,201,183,0
104.18.206.84,158,198,183,0
172.65.225.198,176,191,183,0
172.67.66.218,178,195,183,0
104.19.170.122,168,195,183,0
172.67.65.202,175,191,183,0
172.67.79.178,174,194,183,0
104.17.183.153,177,190,183,0
104.19.223.179,166,197,183,0
104.17.101.82,161,199,183,0
104.17.76.110,166,199,183,0
104.17.10.164,177,190,183,0
104.21.15.54,166,222,183,0
104.17.240.243,168,201,183,0
104.16.115.135,169,193,183,0
104.19.210.178,169,208,183,0
104.16.38.210,173,195,183,0
104.19.208.108,157,195,183,0
104.19.186.124,158,210,183,0
104.26.6.239,175,191,183,0
104.20.28.73,173,192,183,0
104.19.158.218,175,187,183,0
104.20.23.97,175,198,184,0
104.18.242.240,175,195,184,0
104.18.180.103,163,198,184,0
104.18.179.45,164,204,184,0
104.17.132.119,167,204,184,0
104.17.215.5,171,202,184,0
172.67.64.41,178,197,184,0
104.17.167.193,166,195,184,0
104.17.24.116,163,189,184,0
172.67.68.139,174,192,184,0
104.19.247.127,179,191,184,0
104.17.211.153,165,197,184,0
104.20.18.51,175,190,184,0
104.17.0.31,171,207,184,0
104.21.65.232,155,253,184,0
104.19.155.241,162,205,184,0
104.17.224.77,176,193,184,0
104.16.153.232,167,203,185,0
104.17.237.20,173,200,185,0
104.18.213.76,173,208,185,0
104.18.234.190,167,203,185,0
104.17.188.114,176,195,185,0
104.18.121.38,163,213,185,0
104.16.146.141,179,191,185,0
104.18.127.139,173,202,185,0
104.21.239.94,170,212,185,0
104.17.48.13,163,195,185,0
172.67.67.94,174,201,185,0
104.21.42.132,159,257,185,0
104.17.45.38,169,197,185,0
104.16.113.183,170,194,185,0
172.67.73.136,177,202,185,0
104.26.1.240,173,199,185,0
104.17.254.62,177,190,185,0
104.21.63.184,173,226,185,0
104.16.205.124,164,199,185,0
104.26.3.64,174,197,185,0
104.17.218.181,163,194,185,0
104.17.176.10,171,206,185,0
104.16.179.86,168,201,185,0
104.17.145.110,167,208,185,0
104.20.25.219,178,196,185,0
104.19.144.173,162,213,185,0
104.16.20.34,181,189,185,0
104.17.60.41,179,188,185,0
104.17.200.163,175,192,185,0
104.16.21.148,172,200,185,0
104.18.82.207,174,195,185,0
104.16.116.90,170,197,185,0
104.17.160.129,166,193,185,0
104.19.231.220,172,200,185,0
104.19.242.227,180,191,185,0
104.16.88.255,170,206,185,0
104.19.182.248,169,191,185,0
104.19.219.248,178,193,185,0
104.18.221.201,171,196,186,0
104.17.180.170,165,208,186,0
190.93.245.37,160,198,186,0
172.67.143.82,161,229,186,0
104.27.192.203,182,193,186,0
104.21.108.24,168,203,186,0
104.19.152.133,172,192,186,0
172.67.128.65,169,249,186,0
104.18.123.188,167,197,186,0
104.21.233.216,171,199,186,0
104.17.77.57,174,196,186,0
104.16.70.0,180,207,186,0
104.16.90.70,170,199,186,0
104.18.154.99,180,193,186,0
104.16.18.146,181,190,186,0
104.16.178.121,167,194,186,0
104.18.85.189,168,201,186,0
104.16.249.26,180,191,186,0
104.16.224.106,177,198,186,0
104.17.231.216,179,191,187,0
104.23.137.234,176,200,187,0
104.21.213.215,159,275,187,0
104.19.239.120,170,202,187,0
104.17.95.251,179,196,187,0
104.17.111.6,176,200,187,0
104.16.68.187,169,196,187,0
104.17.81.74,164,201,187,0
104.16.161.141,170,201,187,0
172.67.225.63,168,287,187,0
104.21.100.251,172,215,187,0
172.67.208.60,158,273,187,0
104.18.142.8,169,211,187,0
104.19.238.98,170,210,187,0
172.67.224.238,163,232,187,0
104.17.69.188,173,199,187,0
104.21.193.15,171,219,187,0
104.18.230.183,159,214,188,0
104.16.111.179,180,196,188,0
104.16.128.236,172,206,188,0
104.17.113.61,164,198,188,0
172.67.156.100,169,228,188,0
104.16.155.1,172,210,188,0
104.17.139.137,176,203,188,0
104.17.184.40,181,195,188,0
104.16.61.243,176,196,188,0
104.19.253.139,178,195,188,0
104.17.244.244,181,206,188,0
172.67.219.95,163,297,188,0
104.19.221.24,171,200,188,0
104.17.33.121,180,198,188,0
104.19.232.39,183,197,188,0
104.16.120.189,169,207,188,0
104.17.72.201,181,198,188,0
104.18.149.119,176,206,188,0
104.16.164.50,180,201,189,0
172.67.221.148,165,260,189,0
104.16.122.156,183,195,189,0
104.17.58.4,184,195,189,0
104.18.193.81,183,196,189,0
104.26.13.203,183,200,189,0
172.67.235.218,160,265,189,0
104.17.90.240,180,196,189,0
104.16.174.12,176,197,189,0
104.16.36.47,173,203,189,0
104.17.223.191,174,208,189,0
104.20.20.43,180,204,189,0
198.41.209.55,172,205,189,0
104.18.188.22,181,195,189,0
104.16.118.12,185,193,189,0
104.17.57.162,169,202,190,0
104.21.121.114,170,255,190,0
104.16.104.117,166,205,190,0
104.18.70.125,185,202,190,0
198.41.219.139,185,199,190,0
104.16.67.121,174,207,190,0
104.27.199.107,181,198,190,0
104.17.78.88,171,210,190,0
104.16.13.207,178,199,191,0
104.16.213.225,183,208,191,0
104.21.24.16,171,233,191,0
104.21.106.195,164,274,191,0
104.18.76.132,175,202,191,0
104.17.164.230,164,206,192,0
104.17.227.231,183,206,192,0
104.21.16.237,162,296,192,0
104.19.230.69,184,197,192,0
172.67.164.112,158,281,192,0
104.21.32.195,161,284,192,0
104.17.91.181,186,198,192,0
104.18.133.171,188,200,193,0
104.21.68.14,172,258,193,0
104.21.71.104,161,260,193,0
104.18.216.228,184,203,193,0
104.17.27.121,186,200,193,0
104.18.100.62,187,201,193,0
104.21.72.79,171,248,193,0
104.18.183.155,179,204,193,0
104.18.195.108,186,203,193,0
104.21.105.54,166,295,193,0
172.67.182.173,172,260,194,0
104.17.5.126,188,209,194,0
104.16.91.3,190,198,194,0
104.21.1.187,165,290,194,0
104.23.133.77,184,210,194,0
104.21.91.68,159,287,194,0
104.21.99.252,162,280,194,0
104.23.136.196,183,210,195,0
104.23.142.11,181,219,195,0
104.16.182.250,176,206,195,0
104.17.50.161,186,204,195,0
104.27.205.28,178,212,195,0
104.17.201.156,190,204,195,0
172.67.203.173,166,276,195,0
104.17.198.119,170,206,195,0
104.18.248.193,187,210,195,0
104.23.135.161,183,215,195,0
104.16.181.249,180,205,195,0
104.16.5.94,183,203,195,0
104.18.229.183,183,208,195,0
104.18.105.66,191,201,196,0
104.21.29.232,163,252,196,0
104.21.120.160,164,291,196,0
104.19.177.37,189,202,196,0
104.23.143.162,184,211,197,0
104.18.130.146,188,201,197,0
172.67.185.98,151,299,197,0
104.18.246.214,187,206,197,0
172.67.194.63,160,287,197,0
104.27.194.86,179,217,198,0
104.23.138.228,185,221,198,0
104.16.63.79,192,205,198,0
104.19.181.60,189,208,198,0
104.27.193.36,192,213,198,0
104.23.130.89,186,211,198,0
104.27.195.126,185,220,198,0
104.21.27.31,162,259,198,0
104.18.135.226,193,203,198,0
104.23.139.175,185,214,199,0
104.19.212.240,186,210,199,0
104.17.118.236,177,210,199,0
172.67.141.105,164,290,199,0
104.27.201.230,181,220,199,0
104.19.249.76,195,206,199,0
104.27.200.63,191,211,200,0
172.67.165.151,166,297,201,0
104.21.61.209,160,284,201,0
104.23.140.172,193,213,201,0
104.21.198.151,166,282,201,0
104.27.206.21,185,223,202,0
104.19.129.230,165,281,203,0
104.21.66.123,176,269,203,0
172.67.132.158,170,274,203,0
104.23.128.57,185,221,203,0
162.159.160.71,187,218,204,0
104.21.194.112,173,278,204,0
141.101.121.186,187,220,204,0
172.67.227.250,158,283,207,0
104.18.48.117,167,293,209,0
172.67.236.106,163,293,210,0
104.21.192.206,165,287,210,0
104.21.107.146,167,267,212,0
172.67.147.119,167,284,213,0
172.67.133.146,171,294,214,0
172.67.223.161,172,292,215,0
162.159.34.166,192,238,215,0
172.67.228.173,163,292,217,0
198.41.212.56,195,242,222,0
162.159.43.42,201,248,225,0
162.159.42.109,209,260,228,0
172.64.78.109,199,278,228,0
104.21.17.7,161,293,229,0
104.24.88.184,149,166,156,10
104.25.62.167,151,165,159,10
162.159.130.171,157,167,160,10
104.27.51.29,155,164,161,10
104.20.250.80,155,171,163,10
162.159.136.202,152,175,163,10
104.25.33.91,153,171,164,10
104.17.62.190,155,176,164,10
104.20.7.80,158,171,164,10
104.25.39.78,156,174,164,10
162.159.134.199,159,173,164,10
104.19.233.193,155,179,165,10
104.25.107.112,156,186,165,10
104.18.43.74,160,170,165,10
104.19.12.213,160,175,165,10
104.25.43.194,159,185,165,10
104.25.112.32,159,169,165,10
104.17.186.65,160,177,165,10
104.20.153.123,161,174,166,10
104.25.122.91,159,170,166,10
104.19.115.67,152,173,166,10
104.25.225.58,157,173,166,10
104.24.219.112,164,172,166,10
104.16.95.40,162,176,167,10
104.25.40.76,155,174,167,10
104.27.42.249,158,176,167,10
104.20.94.201,159,186,167,10
104.25.75.95,160,176,167,10
104.17.157.76,163,172,167,10
162.159.207.42,162,178,167,10
104.16.152.200,162,176,167,10
104.24.233.89,162,176,168,10
104.25.7.83,156,181,168,10
104.17.116.216,162,174,168,10
104.18.102.254,162,173,168,10
104.25.63.173,163,171,168,10
172.67.51.32,163,172,168,10
104.25.227.208,163,176,168,10
104.17.193.224,161,176,168,10
104.18.27.183,164,174,168,10
104.20.220.65,167,171,168,10
104.19.201.208,164,179,168,10
104.25.58.145,164,171,168,10
104.25.64.26,165,173,169,10
104.27.14.203,158,175,169,10
104.22.60.35,156,180,169,10
104.25.246.105,163,175,169,10
104.25.48.172,164,175,169,10
104.20.224.96,162,179,169,10
104.19.23.95,165,174,169,10
104.20.47.22,163,176,169,10
104.27.113.172,163,184,169,10
104.24.64.142,162,178,169,10
104.24.204.237,164,176,169,10
104.24.215.172,164,171,169,10
104.24.193.248,157,180,169,10
104.20.242.23,162,187,169,10
104.18.40.220,162,176,169,10
104.18.74.143,159,180,169,10
104.16.175.107,165,182,169,10
104.25.133.22,166,174,169,10
104.20.207.217,163,180,169,10
104.20.129.78,167,172,169,10
198.41.195.61,165,184,169,10
172.67.115.176,163,177,170,10
104.27.19.107,167,177,170,10
104.20.49.245,166,176,170,10
104.19.94.181,166,175,170,10
104.16.93.213,164,177,170,10
104.20.123.117,156,181,170,10
104.16.31.131,165,187,170,10
104.27.90.73,164,185,170,10
104.18.20.227,161,175,170,10
104.19.207.90,164,176,170,10
104.20.62.199,165,180,170,10
104.20.64.163,163,181,170,10
104.17.165.147,163,176,170,10
104.22.35.177,159,179,170,10
104.17.64.92,167,175,170,10
104.18.42.131,165,178,170,10
172.64.40.107,162,178,170,10
104.22.71.225,166,179,170,10
104.16.49.97,160,187,170,10
104.18.72.14,163,177,170,10
172.67.0.79,166,174,171,10
104.20.72.231,162,181,171,10
198.41.199.242,164,176,171,10
104.17.87.185,166,181,171,10
172.67.123.227,164,177,171,10
104.19.252.208,164,186,171,10
172.66.45.206,167,174,171,10
104.18.187.229,164,182,171,10
172.64.33.151,163,184,171,10
104.16.99.122,156,194,171,10
104.16.60.178,160,185,171,10
104.20.195.13,166,175,171,10
104.19.99.128,166,175,171,10
172.64.146.17,162,181,171,10
104.19.157.185,162,178,171,10
104.20.40.251,168,176,171,10
104.17.170.99,166,178,171,10
104.25.55.50,162,180,171,10
104.19.206.18,162,178,171,10
104.19.199.40,167,177,171,10
104.20.103.103,167,176,171,10
172.67.192.93,155,195,171,10
104.19.89.69,165,176,171,10
104.27.99.188,166,179,171,10
104.27.105.123,167,176,171,10
104.25.104.236,168,174,171,10
172.67.7.83,167,177,171,10
172.64.52.114,159,179,171,10
104.24.1.74,167,177,171,10
104.20.222.177,165,179,172,10
104.17.216.227,167,174,172,10
104.24.48.170,169,176,172,10
104.24.214.188,163,177,172,10
104.20.236.162,166,176,172,10
104.22.59.86,168,183,172,10
104.25.38.131,168,179,172,10
172.67.106.34,163,181,172,10
104.16.105.150,168,182,172,10
172.67.47.68,168,194,172,10
104.19.104.133,167,178,172,10
198.41.220.162,165,180,172,10
104.24.209.195,169,177,172,10
104.18.120.1,164,193,172,10
104.24.211.128,160,197,172,10
162.159.128.96,164,182,172,10
104.19.156.166,167,178,172,10
104.17.181.56,168,176,172,10
172.67.135.53,155,261,172,10
104.20.124.13,169,176,172,10
104.19.47.14,169,176,172,10
104.19.45.7,169,180,172,10
172.67.19.0,168,178,173,10
104.19.220.210,167,176,173,10
104.22.65.226,168,179,173,10
104.25.255.127,169,176,173,10
104.19.216.206,155,195,173,10
172.67.92.78,165,182,173,10
104.20.108.49,168,178,173,10
172.67.109.58,168,183,173,10
104.27.123.184,170,177,173,10
162.159.250.208,170,179,173,10
104.24.141.188,170,177,173,10
198.41.205.105,171,177,173,10
104.17.55.244,168,181,173,10
104.16.191.141,167,183,173,10
104.19.213.180,165,184,173,10
104.18.17.83,168,180,173,10
104.19.71.203,165,180,174,10
104.17.249.213,171,178,174,10
104.20.48.217,166,181,174,10
104.18.176.6,167,188,174,10
104.19.22.96,169,182,174,10
104.17.54.243,171,179,174,10
104.18.46.40,167,184,174,10
104.24.190.237,167,181,174,10
162.159.246.241,167,178,174,10
104.25.248.88,163,185,174,10
104.17.147.39,161,188,174,10
104.19.146.201,154,192,174,10
104.25.252.104,167,181,174,10
162.159.40.254,168,182,174,10
104.20.171.63,168,185,174,10
104.20.56.205,165,182,174,10
104.17.17.224,170,183,175,10
104.22.62.81,172,180,175,10
104.24.148.61,170,179,175,10
104.25.149.32,171,179,175,10
104.25.244.122,170,189,175,10
104.21.224.191,168,194,175,10
104.24.8.139,172,180,175,10
104.21.127.217,158,221,175,10
104.16.229.202,167,196,175,10
104.21.12.126,168,194,175,10
104.16.243.214,158,198,175,10
104.16.166.121,168,185,175,10
104.25.179.187,170,182,176,10
172.67.88.185,166,185,176,10
104.16.202.233,168,188,176,10
104.18.209.158,169,180,176,10
104.19.148.122,168,200,176,10
104.26.5.251,168,187,176,10
104.16.138.124,167,187,176,10
104.25.176.252,166,190,176,10
104.17.22.142,169,186,176,10
104.21.38.99,165,207,176,10
172.67.178.176,160,234,177,10
104.24.203.209,168,181,177,10
104.19.151.117,167,187,177,10
104.17.99.87,169,182,177,10
104.20.131.234,172,181,177,10
104.18.204.251,168,198,177,10
104.17.177.86,170,189,177,10
104.18.103.228,165,190,177,10
104.18.128.222,151,196,177,10
104.16.24.12,174,182,178,10
172.67.167.140,156,233,178,10
104.26.8.171,167,186,178,10
104.16.80.127,171,188,178,10
198.41.202.91,171,187,178,10
104.21.199.242,168,190,178,10
104.16.17.158,167,190,178,10
104.20.125.71,173,185,178,10
104.19.147.79,171,190,178,10
104.16.48.44,172,187,178,10
104.21.7.218,163,266,178,10
104.18.145.12,170,195,179,10
104.17.150.125,159,197,179,10
104.21.235.112,163,201,179,10
104.17.4.177,165,196,179,10
104.21.25.78,164,261,179,10
104.16.16.147,169,192,179,10
104.18.71.152,167,195,179,10
104.20.24.181,172,199,179,10
104.18.104.82,168,196,179,10
104.16.168.243,169,194,179,10
104.21.36.23,150,288,179,10
104.17.238.119,171,196,180,10
104.16.8.226,164,201,180,10
104.18.223.100,164,200,180,10
104.26.10.193,177,188,180,10
188.114.96.40,174,200,180,10
104.26.15.193,167,186,180,10
172.67.241.57,160,255,180,10
104.17.120.201,174,186,180,10
104.21.110.206,164,227,180,10
172.67.154.76,165,200,180,10
104.17.162.221,169,193,180,10
104.17.192.78,167,193,181,10
104.21.74.23,156,269,181,10
104.18.81.30,164,198,181,10
104.17.63.47,174,192,181,10
104.26.14.40,173,198,182,10
104.16.43.111,174,187,182,10
104.21.3.29,163,215,182,10
104.21.207.80,152,235,182,10
104.16.248.65,176,187,182,10
104.21.87.131,162,267,182,10
104.21.53.188,158,274,183,10
104.21.125.83,163,222,183,10
104.19.240.210,173,208,183,10
104.18.137.119,154,195,183,10
104.16.235.198,165,205,183,10
104.16.201.56,168,193,183,10
104.21.93.35,166,207,183,10
104.17.172.206,164,196,183,10
172.67.246.43,161,212,183,10
172.67.249.234,170,235,184,10
104.18.59.137,159,299,184,10
104.18.243.26,166,202,184,10
104.18.62.91,170,239,184,10
104.16.22.42,178,193,184,10
104.18.194.208,168,193,184,10
104.21.14.88,161,259,184,10
104.26.11.237,176,191,185,10
104.16.40.246,173,204,185,10
104.18.185.192,167,205,185,10
104.17.56.181,170,199,185,10
104.18.119.200,174,194,185,10
104.16.217.51,180,193,185,10
104.18.49.82,168,211,185,10
104.17.208.244,167,201,186,10
104.16.23.239,168,195,187,10
104.17.74.187,174,207,187,10
104.18.192.251,174,200,187,10
104.21.83.4,167,270,187,10
104.18.55.84,173,202,187,10
104.21.67.166,160,234,187,10
104.18.237.252,180,194,188,10
104.18.241.218,160,199,188,10
104.21.35.251,166,227,188,10
172.67.240.184,168,272,188,10
104.16.158.97,168,204,188,10
104.18.215.52,171,209,188,10
172.67.210.58,170,226,188,10
172.67.140.93,167,226,188,10
104.19.224.208,183,195,188,10
104.17.37.252,180,193,188,10
104.21.124.136,162,262,189,10
104.21.122.134,161,295,189,10
104.19.229.146,175,201,189,10
104.21.123.135,163,235,189,10
104.16.130.199,180,201,189,10
104.18.56.166,169,215,190,10
172.67.230.157,164,268,190,10
104.19.191.252,166,208,190,10
172.67.233.195,166,228,190,10
104.17.12.150,167,202,190,10
104.18.66.36,167,200,191,10
104.21.2.117,162,262,191,10
172.67.151.192,164,250,191,10
104.17.107.105,183,198,191,10
104.21.75.204,155,251,191,10
172.67.215.27,158,281,191,10
172.67.229.50,162,244,191,10
172.67.243.176,165,272,191,10
104.18.89.164,176,205,191,10
104.18.101.67,181,207,192,10
172.67.218.141,157,275,192,10
104.18.58.45,166,279,192,10
172.67.173.77,164,251,192,10
104.18.60.50,168,249,192,10
172.67.196.59,162,241,192,10
104.21.102.243,166,269,192,10
104.19.165.236,185,197,192,10
104.18.238.57,189,199,193,10
104.21.111.75,169,273,193,10
104.16.7.14,175,198,193,10
104.19.254.47,175,208,193,10
104.19.132.196,162,299,193,10
104.17.154.66,188,201,193,10
104.17.20.215,187,200,193,10
141.101.120.16,182,204,194,10
104.17.235.153,188,203,194,10
104.16.33.215,189,197,194,10
104.23.141.50,177,218,194,10
104.21.200.224,156,284,194,10
104.21.80.209,166,295,194,10
162.159.209.181,177,231,194,10
104.21.0.103,166,264,196,10
104.27.196.42,177,220,196,10
104.18.184.164,192,201,196,10
104.21.52.217,170,271,196,10
104.16.114.79,190,205,196,10
104.21.118.229,164,235,197,10
172.67.202.174,161,273,197,10
172.67.129.15,161,280,197,10
172.67.207.109,163,279,198,10
104.18.51.3,174,296,198,10
172.67.161.132,168,260,198,10
172.67.162.121,165,274,198,10
104.27.203.180,188,211,199,10
104.18.57.113,169,228,201,10
104.21.5.66,172,266,201,10
104.21.23.67,167,234,201,10
104.17.52.188,192,213,202,10
172.67.131.198,156,287,202,10
104.23.131.52,193,222,203,10
172.67.247.186,168,261,204,10
104.23.134.57,191,238,204,10
104.21.101.206,157,297,205,10
172.67.234.166,168,289,205,10
172.67.200.15,163,296,207,10
104.21.201.98,174,267,208,10
104.21.48.58,176,291,208,10
104.21.214.239,172,271,209,10
104.21.126.104,173,292,210,10
104.21.115.251,171,294,210,10
104.23.129.188,186,244,212,10
104.27.204.244,194,227,212,10
172.67.197.187,168,274,212,10
172.67.188.231,169,297,213,10
172.67.157.21,164,299,213,10
172.67.166.250,170,295,215,10
104.21.116.67,164,292,219,10
104.21.41.27,166,299,219,10
172.67.250.235,169,264,224,10
104.21.223.201,165,297,228,10
104.25.96.22,156,165,160,20
104.18.113.139,154,188,163,20
104.27.100.161,161,166,164,20
104.16.92.129,155,176,164,20
104.21.94.39,158,176,165,20
104.21.33.113,164,175,167,20
104.25.42.199,158,176,168,20
104.25.145.219,165,175,168,20
104.25.247.172,162,176,168,20
104.25.94.140,164,172,168,20
104.24.222.174,163,176,169,20
104.18.251.189,165,172,169,20
104.24.188.16,164,175,169,20
162.159.241.66,161,177,169,20
104.20.201.75,164,176,170,20
104.18.161.239,150,182,170,20
104.21.114.163,159,181,170,20
104.25.140.25,165,185,171,20
104.25.54.72,165,178,171,20
104.16.199.65,165,176,171,20
104.16.97.169,162,186,172,20
104.25.154.215,165,177,172,20
104.17.250.220,164,204,172,20
104.27.85.128,169,175,172,20
104.25.214.122,163,186,172,20
104.21.58.146,156,211,173,20
104.25.12.131,165,182,173,20
172.67.187.111,152,208,174,20
104.16.107.60,163,180,174,20
104.24.146.115,166,183,174,20
104.21.230.166,166,184,174,20
104.20.244.87,170,187,175,20
104.19.246.140,168,190,177,20
104.20.31.156,168,185,177,20
104.16.147.92,177,185,178,20
104.21.85.121,171,201,180,20
104.20.26.14,173,186,180,20
104.26.12.103,171,187,180,20
104.21.73.139,168,214,181,20
104.21.84.25,160,235,181,20
104.26.2.179,170,188,181,20
104.17.96.249,172,196,181,20
104.19.130.175,163,227,181,20
104.19.137.32,164,285,181,20
104.16.2.89,171,191,183,20
172.67.172.250,164,214,183,20
104.21.40.113,168,205,184,20
104.21.55.240,168,237,184,20
172.67.209.49,163,204,184,20
172.67.204.146,169,210,184,20
104.21.77.208,171,218,184,20
172.67.212.211,174,198,184,20
104.16.94.61,182,194,185,20
104.21.54.186,170,214,185,20
104.18.240.38,171,198,185,20
172.67.136.202,165,248,186,20
104.17.59.67,170,197,186,20
172.67.231.214,170,204,187,20
172.67.139.222,159,206,187,20
104.19.166.119,181,195,187,20
104.21.45.158,166,289,188,20
104.16.127.200,184,194,188,20
172.67.138.122,159,218,189,20
104.18.219.215,173,196,189,20
104.16.218.0,177,202,190,20
104.21.62.160,162,286,191,20
104.21.59.236,167,265,191,20
104.21.203.157,167,278,191,20
104.21.37.76,171,246,192,20
104.21.26.11,167,242,192,20
104.21.204.215,167,247,192,20
104.27.197.108,178,206,192,20
104.21.119.203,158,287,192,20
104.21.11.169,170,231,193,20
172.67.201.81,165,276,193,20
104.21.209.91,166,213,193,20
104.21.202.53,162,291,194,20
172.67.170.255,166,272,195,20
172.67.238.252,171,259,195,20
104.21.222.212,172,297,196,20
104.21.4.140,165,280,197,20
172.67.155.64,168,250,197,20
104.18.93.102,173,291,198,20
104.18.63.62,171,230,198,20
104.16.129.27,191,207,198,20
104.21.218.244,175,254,199,20
104.21.92.253,172,264,200,20
104.21.206.228,170,241,200,20
104.21.113.17,166,296,200,20
104.27.202.217,184,214,201,20
172.67.179.126,165,291,203,20
104.19.131.48,166,293,203,20
172.67.144.67,175,235,204,20
104.19.133.61,156,294,204,20
104.21.49.33,164,296,204,20
104.21.21.220,164,279,204,20
104.21.208.46,163,279,204,20
104.19.128.109,169,282,209,20
104.19.142.66,163,291,211,20
104.21.89.206,162,297,213,20
104.21.195.52,175,292,217,20
104.25.114.53,154,170,161,30
104.18.95.205,163,180,168,30
104.19.98.139,165,175,169,30
162.159.15.103,162,177,169,30
104.27.66.21,168,175,171,30
104.20.39.3,165,175,171,30
104.18.129.6,157,200,172,30
104.18.148.11,153,195,172,30
104.17.219.12,161,187,172,30
104.19.120.120,161,179,173,30
104.21.95.157,151,201,173,30
104.19.39.63,169,178,173,30
104.19.18.76,168,184,173,30
104.27.74.142,166,184,175,30
104.16.102.224,168,184,175,30
104.17.18.177,170,184,176,30
104.17.68.232,168,188,179,30
104.20.19.141,176,192,181,30
104.20.16.160,178,189,183,30
104.16.219.136,174,200,184,30
104.16.84.79,168,195,184,30
104.21.19.110,158,266,186,30
104.17.245.97,172,199,187,30
104.16.51.90,172,191,187,30
104.19.138.137,150,268,190,30
172.67.242.103,171,233,191,30
104.18.61.60,167,284,192,30
172.67.217.101,162,293,192,30
104.19.162.181,187,197,193,30
104.19.140.227,159,286,193,30
104.17.19.3,184,202,193,30
172.67.152.81,169,293,196,30
104.21.22.172,158,257,197,30
172.67.232.150,169,231,199,30
104.21.79.238,168,281,199,30
104.21.18.49,165,293,200,30
104.21.104.203,162,293,202,30
104.21.205.223,164,284,204,30
104.21.217.211,160,249,205,30
104.21.212.218,168,275,206,30
172.67.216.183,170,274,208,30
104.21.76.187,178,289,209,30
104.21.219.95,161,288,215,30
162.159.59.35,156,162,159,40
104.25.191.8,158,176,167,40
104.16.112.168,162,172,167,40
104.21.60.226,161,179,167,40
104.20.71.147,163,173,168,40
104.16.9.152,164,173,168,40
104.17.158.78,168,169,168,40
104.27.37.68,158,178,169,40
104.24.149.214,167,175,170,40
104.16.177.255,167,177,171,40
104.21.97.143,165,185,173,40
104.19.68.206,170,181,176,40
104.21.98.38,161,204,176,40
104.18.134.192,163,185,176,40
104.21.43.10,168,188,180,40
172.67.159.166,169,203,181,40
172.67.244.34,166,216,184,40
104.21.215.153,162,271,188,40
104.18.114.193,183,195,190,40
172.67.239.135,173,221,192,40
104.21.221.251,158,242,192,40
104.21.39.55,158,273,195,40
172.67.191.140,169,267,198,40
172.67.168.67,172,249,199,40
172.67.220.90,170,261,201,40
104.21.112.148,175,262,206,40
104.21.13.210,179,275,223,40
108.162.199.35,153,162,159,50
104.25.148.88,165,170,168,50
104.16.183.140,166,173,168,50
104.25.68.48,165,175,168,50
104.17.171.64,170,179,173,50
172.67.193.92,166,183,174,50
104.16.110.249,163,184,175,50
162.159.32.142,170,178,175,50
172.67.169.132,170,195,177,50
172.67.160.248,170,217,186,50
104.27.207.232,213,231,221,50
162.159.22.171,167,172,169,60
104.24.244.108,164,175,170,60
104.27.198.71,179,202,189,60
172.67.146.153,175,251,198,60
104.21.64.210,170,235,201,60
104.23.132.158,188,198,193,70
